cod_siruta,cod_judet,denumire_judet,tip_uat,tip_uat_abrev,denumire_uat
10,1,Alba,11,CJ,CONSILIUL JUDETEAN
1017,1,Alba,12,M,ALBA  IULIA
1213,1,Alba,12,M,AIUD
1348,1,Alba,12,M,BLAJ
1874,1,Alba,12,M,SEBES
1151,1,Alba,13,O,ABRUD
2915,1,Alba,13,O,BAIA  DE  ARIES
1455,1,Alba,13,O,CAMPENI
1696,1,Alba,13,O,CUGIR
1794,1,Alba,13,O,OCNA  MURES
8096,1,Alba,13,O,TEIUS
1936,1,Alba,13,O,ZLATNA
2130,1,Alba,14,C,ALBAC
2309,1,Alba,14,C,ALMASU MARE
2381,1,Alba,14,C,ARIESENI
2577,1,Alba,14,C,AVRAM  IANCU
2988,1,Alba,14,C,BERGHIN
3039,1,Alba,14,C,BISTRA
3397,1,Alba,14,C,BLANDIANA
9026,1,Alba,14,C,BUCERDEA GRANOASA
3459,1,Alba,14,C,BUCIUM
3761,1,Alba,14,C,CENADE
3805,1,Alba,14,C,CERGAU
3841,1,Alba,14,C,CERU BACAINTI
3958,1,Alba,14,C,CETATEA  DE  BALTA
1071,1,Alba,14,C,CIUGUD
4008,1,Alba,14,C,CIURULEASA
4106,1,Alba,14,C,CALNIC
4142,1,Alba,14,C,CRICAU
4188,1,Alba,14,C,CRACIUNELUL DE JOS
9019,1,Alba,14,C,CUT
4240,1,Alba,14,C,DAIA  ROMANA
4268,1,Alba,14,C,DOSTAT
4302,1,Alba,14,C,FARAU
4366,1,Alba,14,C,GALDA DE JOS
4482,1,Alba,14,C,GARBOVA
4525,1,Alba,14,C,GARDA DE SUS
4703,1,Alba,14,C,HOPARTA
4767,1,Alba,14,C,HOREA
4927,1,Alba,14,C,IGHIU
4981,1,Alba,14,C,INTREGALDE
5103,1,Alba,14,C,JIDVEI
5167,1,Alba,14,C,LIVEZILE
5210,1,Alba,14,C,LOPADEA NOUA
5309,1,Alba,14,C,LUNCA  MURES
5336,1,Alba,14,C,LUPSA
5577,1,Alba,14,C,METES
5700,1,Alba,14,C,MIHALT
5755,1,Alba,14,C,MIRASLAU
5826,1,Alba,14,C,MOGOS
6048,1,Alba,14,C,NOSLAC
6119,1,Alba,14,C,OCOLIS
6164,1,Alba,14,C,OHABA
6217,1,Alba,14,C,PIANU
6271,1,Alba,14,C,POIANA  VADULUI
6397,1,Alba,14,C,PONOR
6468,1,Alba,14,C,POSAGA
6547,1,Alba,14,C,RADESTI
6592,1,Alba,14,C,RIMETEA
6627,1,Alba,14,C,RAMET
6761,1,Alba,14,C,ROSIA MONTANA
6930,1,Alba,14,C,ROSIA DE SECAS
6976,1,Alba,14,C,SALCIUA
7044,1,Alba,14,C,SALISTEA
7099,1,Alba,14,C,SASCIORI
7197,1,Alba,14,C,SCARISOARA
7348,1,Alba,14,C,SANCEL
7384,1,Alba,14,C,SANTIMBRU
7446,1,Alba,14,C,SOHODOL
7767,1,Alba,14,C,STREMT
7810,1,Alba,14,C,SIBOT
7865,1,Alba,14,C,SONA
7945,1,Alba,14,C,SPRING
8014,1,Alba,14,C,SUGAG
8158,1,Alba,14,C,UNIREA
8229,1,Alba,14,C,VADU MOTILOR
8354,1,Alba,14,C,VALEA  LUNGA
8425,1,Alba,14,C,VIDRA
8826,1,Alba,14,C,VINTU DE JOS
29,2,ARAD,11,CJ,CONSILIUL JUDETEAN
9262,2,ARAD,12,M,Arad
9459,2,ARAD,13,O,Chişineu-Criş
9495,2,ARAD,13,O,Curtici
9538,2,ARAD,13,O,Ineu
9574,2,ARAD,13,O,Lipova
9627,2,ARAD,13,O,Nădlac
9654,2,ARAD,13,O,Pâncota
11584,2,ARAD,13,O,Pecica
12091,2,ARAD,13,O,Sântana
9690,2,ARAD,13,O,Sebiş
9743,2,ARAD,14,C,Almaş
9798,2,ARAD,14,C,Apateu
9832,2,ARAD,14,C,Archiş
9887,2,ARAD,14,C,Bata
9930,2,ARAD,14,C,Beliu
10006,2,ARAD,14,C,Birchiş
10051,2,ARAD,14,C,Bârsa
10104,2,ARAD,14,C,Bârzava
10195,2,ARAD,14,C,Bocsig
10239,2,ARAD,14,C,Brazii
10293,2,ARAD,14,C,Buteni
10346,2,ARAD,14,C,Cărand
10373,2,ARAD,14,C,Cermei
10417,2,ARAD,14,C,Chisindia
10453,2,ARAD,14,C,Conop
10514,2,ARAD,14,C,Covăsânţ
10532,2,ARAD,14,C,Craiva
10649,2,ARAD,14,C,Dezna
10701,2,ARAD,14,C,Dieci
12912,2,ARAD,14,C,Dorobanţi
9280,2,ARAD,14,C,Fântânale
10827,2,ARAD,14,C,Felnac
12920,2,ARAD,14,C,Frumuşeni
10872,2,ARAD,14,C,Ghioroc
10916,2,ARAD,14,C,Grăniceri
10943,2,ARAD,14,C,Gurahonţ
11058,2,ARAD,14,C,Hălmagiu
11174,2,ARAD,14,C,Hălmăgel
11236,2,ARAD,14,C,Hăşmaş
11307,2,ARAD,14,C,Igneşti
11352,2,ARAD,14,C,Iratoşu
9333,2,ARAD,14,C,Livada
11398,2,ARAD,14,C,Macea
11423,2,ARAD,14,C,Mişca
11478,2,ARAD,14,C,Moneasa
11502,2,ARAD,14,C,Olari
11539,2,ARAD,14,C,Păuliş
11637,2,ARAD,14,C,Peregu - Mare
11664,2,ARAD,14,C,Petriş
11735,2,ARAD,14,C,Pilu
11762,2,ARAD,14,C,Pleşcuţa
11842,2,ARAD,14,C,Săvârşin
11940,2,ARAD,14,C,Secusigiu
11995,2,ARAD,14,C,Seleuş
12037,2,ARAD,14,C,Semlac
12055,2,ARAD,14,C,Sintea - Mare
12126,2,ARAD,14,C,Socodor
12144,2,ARAD,14,C,Şagu
12206,2,ARAD,14,C,Şeitin
12224,2,ARAD,14,C,Şepreuş
12242,2,ARAD,14,C,Şicula
12288,2,ARAD,14,C,Şilindia
12340,2,ARAD,14,C,Şimand
12368,2,ARAD,14,C,Şiria
12402,2,ARAD,14,C,Şiştarovăţ
9360,2,ARAD,14,C,Şofronea
12457,2,ARAD,14,C,Tauţ
12509,2,ARAD,14,C,Târnova
10765,2,ARAD,14,C,Ususău
12572,2,ARAD,14,C,Vărădia de Mureş
12643,2,ARAD,14,C,Vinga
12689,2,ARAD,14,C,Vârfurile
9397,2,ARAD,14,C,Vladimirescu
12778,2,ARAD,14,C,Zăbrani
12938,2,ARAD,14,C,Zădăreni
12812,2,ARAD,14,C,Zărand
12849,2,ARAD,14,C,Zerind
12876,2,ARAD,14,C,Zimandul Nou
38,3,ARGES,11,CJ,CONSILIUL JUDETEAN
13169,3,ARGES,12,M,Pitesti
13490,3,ARGES,12,M,Campulung
13622,3,ARGES,12,M,Curtea de Arges
13301,3,ARGES,13,O,Mioveni
13668,3,ARGES,13,O,Costesti
13757,3,ARGES,13,O,Topoloveni
13392,3,ARGES,13,O,Stefanesti
13819,3,ARGES,14,C,Albestii de Arges
13891,3,ARGES,14,C,Albestii de Muscel
13935,3,ARGES,14,C,Albota
13999,3,ARGES,14,C,Aninoasa
14049,3,ARGES,14,C,Arefu
13187,3,ARGES,14,C,Bascov
14085,3,ARGES,14,C,Babana
14165,3,ARGES,14,C,Baiculesti
14272,3,ARGES,14,C,Balilesti
14352,3,ARGES,14,C,Beleti-Negresti
14405,3,ARGES,14,C,Berevoesti
14450,3,ARGES,14,C,Birla
14584,3,ARGES,14,C,Bogati
14673,3,ARGES,14,C,Boteni
14726,3,ARGES,14,C,Botesti
13276,3,ARGES,14,C,Bradu
14753,3,ARGES,14,C,Bradulet
14851,3,ARGES,14,C,Budeasa
14922,3,ARGES,14,C,Bughea de Jos
14940,3,ARGES,14,C,Buzoiesti
15064,3,ARGES,14,C,Caldararu
15108,3,ARGES,14,C,Calinesti
15233,3,ARGES,14,C,Cateasca
15313,3,ARGES,14,C,Cepari
15402,3,ARGES,14,C,Cetateni
15448,3,ARGES,14,C,Cicanesti
15493,3,ARGES,14,C,Ciofrangeni
15554,3,ARGES,14,C,Ciomagesti
15652,3,ARGES,14,C,Cocu
15741,3,ARGES,14,C,Corbeni
15830,3,ARGES,14,C,Corbi
15901,3,ARGES,14,C,Cosesti
15983,3,ARGES,14,C,Cotmeana
16132,3,ARGES,14,C,Cuca
16285,3,ARGES,14,C,Davidesti
16329,3,ARGES,14,C,Dambovicioara
16365,3,ARGES,14,C,Darmanesti
16427,3,ARGES,14,C,Dobresti
16454,3,ARGES,14,C,Domnesti
16472,3,ARGES,14,C,Dragoslavele
16506,3,ARGES,14,C,Draganu
16551,3,ARGES,14,C,Godeni
16613,3,ARGES,14,C,Harsesti
16659,3,ARGES,14,C,Hartiesti
16739,3,ARGES,14,C,Izvoru
16757,3,ARGES,14,C,Leordeni
16908,3,ARGES,14,C,Leresti
16944,3,ARGES,14,C,Lunca Corbului
17049,3,ARGES,14,C,Malureni
13365,3,ARGES,14,C,Maracineni
17101,3,ARGES,14,C,Merisani
17209,3,ARGES,14,C,Micesti
17254,3,ARGES,14,C,Mihaesti
17334,3,ARGES,14,C,Mioarele
17398,3,ARGES,14,C,Mirosi
17423,3,ARGES,14,C,Moraresti
17496,3,ARGES,14,C,Mosoaia
17575,3,ARGES,14,C,Mozaceni
17619,3,ARGES,14,C,Musatesti
17726,3,ARGES,14,C,Negrasi
17771,3,ARGES,14,C,Nucsoara
17824,3,ARGES,14,C,Oarja
17851,3,ARGES,14,C,Pietrosani
18028,3,ARGES,14,C,Poiana Lacului
17913,3,ARGES,14,C,Poienarii de Arges
17968,3,ARGES,14,C,Poienarii de Muscel
18162,3,ARGES,14,C,Popesti
18242,3,ARGES,14,C,Priboieni
18331,3,ARGES,14,C,Ratesti
18411,3,ARGES,14,C,Recea
18475,3,ARGES,14,C,Rociu
18527,3,ARGES,14,C,Rucar
18554,3,ARGES,14,C,Salatrucu
18581,3,ARGES,14,C,Sapata
18670,3,ARGES,14,C,Schitu Golesti
18741,3,ARGES,14,C,Slobozia
18778,3,ARGES,14,C,Stalpeni
18858,3,ARGES,14,C,Stoenesti
18938,3,ARGES,14,C,Stolnici
19007,3,ARGES,14,C,Suseni
19114,3,ARGES,14,C,Stefan cel Mare
19141,3,ARGES,14,C,Suici
19212,3,ARGES,14,C,Teiu
19249,3,ARGES,14,C,Tigveni
19338,3,ARGES,14,C,Titesti
19392,3,ARGES,14,C,Uda
19560,3,ARGES,14,C,Ungheni
19631,3,ARGES,14,C,Valea Danului
19695,3,ARGES,14,C,Valea Iasului
13524,3,ARGES,14,C,Valea Mare Pravat
19793,3,ARGES,14,C,Vedea
19999,3,ARGES,14,C,Vladesti
20048,3,ARGES,14,C,Raca
20055,3,ARGES,14,C,Vulturesti
20063,3,ARGES,14,C,Bughea de Sus
47,4,BACAU,11,CJ,CONSILIUL JUDETEAN
20297,4,BACAU,12,M,BACAU
20563,4,BACAU,12,M,ONESTI
20876,4,BACAU,12,M,MOINESTI
20778,4,BACAU,13,O,BUHUSI
20821,4,BACAU,13,O,COMANESTI
22166,4,BACAU,13,O,DARMANESTI
20910,4,BACAU,13,O,SLANIC MOLDOVA
20965,4,BACAU,13,O,TG. OCNA
21007,4,BACAU,14,C,AGAS
21098,4,BACAU,14,C,ARDEOANI
21123,4,BACAU,14,C,ASAU
21196,4,BACAU,14,C,BALCANI
21249,4,BACAU,14,C,BERESTI- BISTRITA
21338,4,BACAU,14,C,BERESTI-TAZLAU
21418,4,BACAU,14,C,BERZUNTI
21454,4,BACAU,14,C,BARSANESTI
21506,4,BACAU,14,C,BLAGESTI
21560,4,BACAU,14,C,BOGDANESTI
21597,4,BACAU,14,C,BRUSTUROASA
21668,4,BACAU,14,C,BUHOCI
21720,4,BACAU,14,C,CASIN
21757,4,BACAU,14,C,CAIUTI
21855,4,BACAU,14,C,CLEJA
21891,4,BACAU,14,C,COLONESTI
21971,4,BACAU,14,C,CORBASCA
22059,4,BACAU,14,C,COTOFANESTI
22111,4,BACAU,14,C,DAMIENESTI
22237,4,BACAU,14,C,DEALU MORII
22380,4,BACAU,14,C,DOFTEANA
22460,4,BACAU,14,C,FARAOANI
22488,4,BACAU,14,C,FILIPENI
22576,4,BACAU,14,C,FILIPESTI
22665,4,BACAU,14,C,GAICEANA
22718,4,BACAU,14,C,GHIMES-FAGET
22781,4,BACAU,14,C,GARLENI
22834,4,BACAU,14,C,GLAVANESTI
20607,4,BACAU,14,C,GURA VAII
22898,4,BACAU,14,C,HELEGIU
20313,4,BACAU,14,C,HEMEIUSI
22941,4,BACAU,14,C,HORGESTI
23047,4,BACAU,14,C,HURUIESTI
23127,4,BACAU,14,C,IZVORU BERHECIULUI
20359,4,BACAU,14,C,LETEA VECHE
23207,4,BACAU,14,C,LIPOVA
23289,4,BACAU,14,C,LIVEZI
23350,4,BACAU,14,C,LUIZI CALUGARA
23387,4,BACAU,14,C,MAGIRESTI
20411,4,BACAU,14,C,MAGURA
20466,4,BACAU,14,C,MARGINENI
23449,4,BACAU,14,C,MANASTIREA CASIN
23494,4,BACAU,14,C,MOTOSENI
23644,4,BACAU,14,C,NEGRI
23715,4,BACAU,14,C,NICOLAE BALCESCU
23797,4,BACAU,14,C,OITUZ
23868,4,BACAU,14,C,ONCESTI
23948,4,BACAU,14,C,ORBENI
23975,4,BACAU,14,C,PALANCA
24034,4,BACAU,14,C,PARAVA
24089,4,BACAU,14,C,PARINCEA
24187,4,BACAU,14,C,PANCESTI
24276,4,BACAU,14,C,PARGARESTI
24338,4,BACAU,14,C,PARJOL
24427,4,BACAU,14,C,PLOPANA
24524,4,BACAU,14,C,PODU TURCULUI
24631,4,BACAU,14,C,PODURI
24711,4,BACAU,14,C,RACOVA
24766,4,BACAU,14,C,RACACIUNI
24999,4,BACAU,14,C,ROSIORI
24837,4,BACAU,14,C,RACHITOASA
25068,4,BACAU,14,C,SASCUT
25148,4,BACAU,14,C,SANDULENI
25228,4,BACAU,14,C,SAUCESTI
25291,4,BACAU,14,C,SCORTENI
25362,4,BACAU,14,C,SECUIENI
25488,4,BACAU,14,C,SOLONT
25521,4,BACAU,14,C,STANISESTI
20670,4,BACAU,14,C,STEFAN CEL MARE
25629,4,BACAU,14,C,STRUGARI
25692,4,BACAU,14,C,TAMASI
25745,4,BACAU,14,C,TATARASTI
25825,4,BACAU,14,C,TG.TROTUS
25861,4,BACAU,14,C,TRAIAN
25932,4,BACAU,14,C,UNGURENI
26029,4,BACAU,14,C,URECHESTI
26083,4,BACAU,14,C,VALEA SEACA
26118,4,BACAU,14,C,VULTURENI
26289,4,BACAU,14,C,ZEMES
26320,4,BACAU,14,C,SARATA
26338,4,BACAU,14,C,BUCIUMI
26346,4,BACAU,14,C,GIOSENI
26353,4,BACAU,14,C,ODODESTI
26361,4,BACAU,14,C,PRAJESTI
26379,4,BACAU,14,C,ITESTI
56,5,BIHOR,11,CJ,CONSILIUL JUDETEAN
26804,5,BIHOR,12,M,BEIUS
26877,5,BIHOR,12,M,MARGHITA
26564,5,BIHOR,12,M,ORADEA
26975,5,BIHOR,12,M,SALONTA
26699,5,BIHOR,13,O,ALESD
26920,5,BIHOR,13,O,NUCET
30915,5,BIHOR,13,O,SACUIENI
26840,5,BIHOR,13,O,STEI
32027,5,BIHOR,13,O,VALEA LUI MIHAI
27007,5,BIHOR,13,O,VASCAU
27070,5,BIHOR,14,C,ABRAM
27169,5,BIHOR,14,C,ABRAMUT
26742,5,BIHOR,14,C,ASTILEU
27212,5,BIHOR,14,C,AUSEU
27285,5,BIHOR,14,C,AVRAM IANCU
27329,5,BIHOR,14,C,BALC
27383,5,BIHOR,14,C,BATAR
27436,5,BIHOR,14,C,BIHARIA
27506,5,BIHOR,14,C,BOIANU MARE
27560,5,BIHOR,14,C,BOROD
27631,5,BIHOR,14,C,BORS
27686,5,BIHOR,14,C,BRATCA
27757,5,BIHOR,14,C,BRUSTURI
27846,5,BIHOR,14,C,BUDUREASA
27908,5,BIHOR,14,C,BUDUSLAU
27935,5,BIHOR,14,C,BULZ
27971,5,BIHOR,14,C,BUNTESTI
28077,5,BIHOR,14,C,CABESTI
28139,5,BIHOR,14,C,CAPALNA
28193,5,BIHOR,14,C,CARPINET
28246,5,BIHOR,14,C,CEFA
28335,5,BIHOR,14,C,CEICA
28415,5,BIHOR,14,C,CETARIU
28497,5,BIHOR,14,C,CHERECHIU
28530,5,BIHOR,14,C,CHISLAZ
28610,5,BIHOR,14,C,CIUHOI
28665,5,BIHOR,14,C,CIUMEGHIU
28709,5,BIHOR,14,C,CAMPANI
28763,5,BIHOR,14,C,COCIUBA MARE
28816,5,BIHOR,14,C,COPACEL
28889,5,BIHOR,14,C,CRISTIORU DE JOS
28941,5,BIHOR,14,C,CURATELE
29001,5,BIHOR,14,C,CURTUIUSENI
29038,5,BIHOR,14,C,DERNA
29092,5,BIHOR,14,C,DIOSIG
29154,5,BIHOR,14,C,DOBRESTI
29243,5,BIHOR,14,C,DRAGANESTI
29341,5,BIHOR,14,C,DRAGESTI
29403,5,BIHOR,14,C,FINIS
32195,5,BIHOR,14,C,GEPIU
29467,5,BIHOR,14,C,GIRIS DE CRIS
29519,5,BIHOR,14,C,HIDISELU DE SUS
29573,5,BIHOR,14,C,HOLOD
29662,5,BIHOR,14,C,HUSASAU DE TINCA
29724,5,BIHOR,14,C,INEU
29760,5,BIHOR,14,C,LAZURI DE BEIUS
29813,5,BIHOR,14,C,LAZARENI
29902,5,BIHOR,14,C,LUGASU DE JOS
29948,5,BIHOR,14,C,LUNCA
30014,5,BIHOR,14,C,MADARAS
30069,5,BIHOR,14,C,MAGESTI
30149,5,BIHOR,14,C,NOJORID
30229,5,BIHOR,14,C,OLCEA
30274,5,BIHOR,14,C,OSORHEI
32161,5,BIHOR,14,C,PALEU
30336,5,BIHOR,14,C,PIETROASA
30416,5,BIHOR,14,C,POCOLA
30470,5,BIHOR,14,C,POMEZEU
30568,5,BIHOR,14,C,POPESTI
30648,5,BIHOR,14,C,RABAGANI
30719,5,BIHOR,14,C,REMETEA
30773,5,BIHOR,14,C,RIENI
30844,5,BIHOR,14,C,ROSIA
32187,5,BIHOR,14,C,ROSIORI
30871,5,BIHOR,14,C,SACADAT
30988,5,BIHOR,14,C,SALACEA
31011,5,BIHOR,14,C,SALARD
31057,5,BIHOR,14,C,SAMBATA
26582,5,BIHOR,14,C,SANMARTIN
26653,5,BIHOR,14,C,SANTANDREI
32179,5,BIHOR,14,C,SANICOLAUL ROMAN
31128,5,BIHOR,14,C,SARBI
31208,5,BIHOR,14,C,SPINUS
31262,5,BIHOR,14,C,SUPLACUL DE BARCAU
31333,5,BIHOR,14,C,SIMIAN
31379,5,BIHOR,14,C,SINTEU
31422,5,BIHOR,14,C,SOIMI
31510,5,BIHOR,14,C,SUNCUIUS
31565,5,BIHOR,14,C,TARCEA
32153,5,BIHOR,14,C,TAMASEU
31609,5,BIHOR,14,C,TARCAIA
31654,5,BIHOR,14,C,TAUTEU
31716,5,BIHOR,14,C,TILEAGD
31789,5,BIHOR,14,C,TINCA
31841,5,BIHOR,14,C,TULCA
31878,5,BIHOR,14,C,TETCHEA
31921,5,BIHOR,14,C,UILEACU DE BEIUS
31976,5,BIHOR,14,C,VADU CRISULUI
32045,5,BIHOR,14,C,VIISOARA
32090,5,BIHOR,14,C,VARCIOROG
32201,5,BIHOR,14,C,TOBOLIU
65,6,BISTRITA-NASAUD,11,CJ,CONSILIUL JUDETEAN
32394,6,BISTRITA-NASAUD,12,M,BISTRITA
32483,6,BISTRITA-NASAUD,13,O,BECLEAN
32544,6,BISTRITA-NASAUD,13,O,NASAUD
32599,6,BISTRITA-NASAUD,13,O,SINGEORZ BAI
32633,6,BISTRITA-NASAUD,14,C,BISTRITA BIRGAULUI
32660,6,BISTRITA-NASAUD,14,C,BRANISTE
32704,6,BISTRITA-NASAUD,14,C,BUDACU DE JOS
32768,6,BISTRITA-NASAUD,14,C,BUDESTI
32811,6,BISTRITA-NASAUD,14,C,CAIANU MIC
32884,6,BISTRITA-NASAUD,14,C,CETATE
32955,6,BISTRITA-NASAUD,14,C,CICEU GIURGESTI
179953,6,BISTRITA-NASAUD,14,C,CICEU MIHAIESTI
33015,6,BISTRITA-NASAUD,14,C,CHIOCHIS
33122,6,BISTRITA-NASAUD,14,C,CHIUZA
33177,6,BISTRITA-NASAUD,14,C,COSBUC
33202,6,BISTRITA-NASAUD,14,C,DUMITRA
179686,6,BISTRITA-NASAUD,14,C,DUMITRITA
33248,6,BISTRITA-NASAUD,14,C,FELDRU
33275,6,BISTRITA-NASAUD,14,C,GALATII BISTRITEI
33337,6,BISTRITA-NASAUD,14,C,ILVA MARE
33364,6,BISTRITA-NASAUD,14,C,ILVA MICA
33382,6,BISTRITA-NASAUD,14,C,JOSENII BIRGAULUI
33435,6,BISTRITA-NASAUD,14,C,LECHINTA
33514,6,BISTRITA-NASAUD,14,C,LESU
33541,6,BISTRITA-NASAUD,14,C,LIVEZILE
33603,6,BISTRITA-NASAUD,14,C,LUNCA ILVEI
33621,6,BISTRITA-NASAUD,14,C,MAIERU
33658,6,BISTRITA-NASAUD,14,C,MATEI
33729,6,BISTRITA-NASAUD,14,C,MAGURA ILVEI
33765,6,BISTRITA-NASAUD,14,C,MARISELU
33845,6,BISTRITA-NASAUD,14,C,MICESTII DE CIMPIE
33881,6,BISTRITA-NASAUD,14,C,MILAS
33952,6,BISTRITA-NASAUD,14,C,MONOR
179659,6,BISTRITA-NASAUD,14,C,NEGRILESTI
33989,6,BISTRITA-NASAUD,14,C,NIMIGEA
34075,6,BISTRITA-NASAUD,14,C,NUSENI
34155,6,BISTRITA-NASAUD,14,C,PARVA
34173,6,BISTRITA-NASAUD,14,C,PETRU RARES
179720,6,BISTRITA-NASAUD,14,C,POIANA ILVEI
34235,6,BISTRITA-NASAUD,14,C,PRUNDU BIRGAULUI
34262,6,BISTRITA-NASAUD,14,C,REBRA
34280,6,BISTRITA-NASAUD,14,C,REBRISOARA
34333,6,BISTRITA-NASAUD,14,C,RODNA
34360,6,BISTRITA-NASAUD,14,C,ROMULI
179944,6,BISTRITA-NASAUD,14,C,RUNCU SALVEI
34397,6,BISTRITA-NASAUD,14,C,SALVA
34422,6,BISTRITA-NASAUD,14,C,SILIVASU DE CIMPIE
34477,6,BISTRITA-NASAUD,14,C,SINMIHAIU DE CIMPIE
34547,6,BISTRITA-NASAUD,14,C,SPERMEZEU
34618,6,BISTRITA-NASAUD,14,C,SANT
34645,6,BISTRITA-NASAUD,14,C,SIEU
34850,6,BISTRITA-NASAUD,14,C,SIEUT
34690,6,BISTRITA-NASAUD,14,C,SIEU MAGHERUS
34770,6,BISTRITA-NASAUD,14,C,SIEU ODORHEI
34903,6,BISTRITA-NASAUD,14,C,SINTEREAG
34985,6,BISTRITA-NASAUD,14,C,TEACA
35054,6,BISTRITA-NASAUD,14,C,TELCIU
35090,6,BISTRITA-NASAUD,14,C,TIHA BIRGAULUI
35152,6,BISTRITA-NASAUD,14,C,TIRLISUA
35269,6,BISTRITA-NASAUD,14,C,URIU
35312,6,BISTRITA-NASAUD,14,C,URMENIS
35429,6,BISTRITA-NASAUD,14,C,ZAGRA
74,7,BOTOSANI,11,CJ,CONSILIUL JUDETEAN
35731,7,BOTOSANI,12,M,Botosani
36006,7,BOTOSANI,12,M,Dorohoi
36453,7,BOTOSANI,13,O,Bucecea
35946,7,BOTOSANI,13,O,Darabani
37280,7,BOTOSANI,13,O,Flaminzi
36060,7,BOTOSANI,13,O,Saveni
39168,7,BOTOSANI,13,O,Stefanesti
40035,7,BOTOSANI,14,C,Adaseni
36131,7,BOTOSANI,14,C,Albesti
36202,7,BOTOSANI,14,C,Avrameni
36300,7,BOTOSANI,14,C,Baluseni
39983,7,BOTOSANI,14,C,Blandesti
36373,7,BOTOSANI,14,C,Braesti
36426,7,BOTOSANI,14,C,Broscauti
36499,7,BOTOSANI,14,C,Calarasi
39967,7,BOTOSANI,14,C,Candesti
36532,7,BOTOSANI,14,C,Concesti
36569,7,BOTOSANI,14,C,Copalau
36649,7,BOTOSANI,14,C,Cordareni
36676,7,BOTOSANI,14,C,Corlateni
36756,7,BOTOSANI,14,C,Corni
39975,7,BOTOSANI,14,C,Cosula
36809,7,BOTOSANI,14,C,Cotusca
36907,7,BOTOSANI,14,C,Cristesti
36952,7,BOTOSANI,14,C,Cristinesti
35759,7,BOTOSANI,14,C,Curtesti
37011,7,BOTOSANI,14,C,Dersca
39959,7,BOTOSANI,14,C,Dimacheni
37057,7,BOTOSANI,14,C,Dingeni
37100,7,BOTOSANI,14,C,Dobarceni
37173,7,BOTOSANI,14,C,Draguseni
37217,7,BOTOSANI,14,C,Durnesti
37324,7,BOTOSANI,14,C,Frumusica
37397,7,BOTOSANI,14,C,George Enescu
37459,7,BOTOSANI,14,C,Gorbanesti
37547,7,BOTOSANI,14,C,Havarna
37618,7,BOTOSANI,14,C,Hanesti
37672,7,BOTOSANI,14,C,Hiliseu
37734,7,BOTOSANI,14,C,Hlipiceni
37770,7,BOTOSANI,14,C,Hudesti
37823,7,BOTOSANI,14,C,Ibanesti
37850,7,BOTOSANI,14,C,Leorda
39942,7,BOTOSANI,14,C,Lozna
37912,7,BOTOSANI,14,C,Lunca
37958,7,BOTOSANI,14,C,Manoleasa
38063,7,BOTOSANI,14,C,Mihai Eminescu
38161,7,BOTOSANI,14,C,Mihaileni
38241,7,BOTOSANI,14,C,Mihalaseni
38321,7,BOTOSANI,14,C,Mileanca
38376,7,BOTOSANI,14,C,Mitoc
38456,7,BOTOSANI,14,C,Nicseni
38492,7,BOTOSANI,14,C,Paltinis
38544,7,BOTOSANI,14,C,Pomarla
38580,7,BOTOSANI,14,C,Prajeni
35839,7,BOTOSANI,14,C,Rachiti
38633,7,BOTOSANI,14,C,Radauti Prut
38679,7,BOTOSANI,14,C,Rauseni
38731,7,BOTOSANI,14,C,Ripiceni
38811,7,BOTOSANI,14,C,Roma
38848,7,BOTOSANI,14,C,Romanesti
38893,7,BOTOSANI,14,C,Santa Mare
35884,7,BOTOSANI,14,C,Stauceni
38982,7,BOTOSANI,14,C,Suharau
39051,7,BOTOSANI,14,C,Sulita
39122,7,BOTOSANI,14,C,Sendriceni
39220,7,BOTOSANI,14,C,Stiubieni
39266,7,BOTOSANI,14,C,Todireni
39328,7,BOTOSANI,14,C,Trusesti
39391,7,BOTOSANI,14,C,Tudora
39417,7,BOTOSANI,14,C,Ungureni
39532,7,BOTOSANI,14,C,Unteni
39612,7,BOTOSANI,14,C,Vaculesti
39658,7,BOTOSANI,14,C,Viisoara
39694,7,BOTOSANI,14,C,Virfu Cimpului
39738,7,BOTOSANI,14,C,Vladeni
39792,7,BOTOSANI,14,C,Vlasinesti
39836,7,BOTOSANI,14,C,Vorniceni
39872,7,BOTOSANI,14,C,Vorona
83,8,BRASOV,11,CJ,CONSILIUL JUDETEAN
40198,8,BRASOV,12,M,BRASOV
40278,8,BRASOV,12,M,FAGARAS
40241,8,BRASOV,12,M,CODLEA
40438,8,BRASOV,12,M,SACELE
40394,8,BRASOV,13,O,RUPEA
40367,8,BRASOV,13,O,RASNOV
40303,8,BRASOV,13,O,PREDEAL
40465,8,BRASOV,13,O,VICTORIA
40492,8,BRASOV,13,O,ZARNESTI
40214,8,BRASOV,13,O,GHIMBAV
40526,8,BRASOV,14,C,APATA
42498,8,BRASOV,14,C,AUGUSTIN
40544,8,BRASOV,14,C,BECLEAN
40606,8,BRASOV,14,C,BOD
40633,8,BRASOV,14,C,BRAN
40688,8,BRASOV,14,C,BUDILA
40704,8,BRASOV,14,C,BUNESTI
40768,8,BRASOV,14,C,CATA
40820,8,BRASOV,14,C,CINCU
40857,8,BRASOV,14,C,COMANA
42456,8,BRASOV,14,C,CRIZBAV
40900,8,BRASOV,14,C,CRISTIAN
42480,8,BRASOV,14,C,DRAGUS
40928,8,BRASOV,14,C,DUMBRAVITA
40955,8,BRASOV,14,C,FELDIOARA
40991,8,BRASOV,14,C,FUNDATA
41033,8,BRASOV,14,C,HALCHIU
41088,8,BRASOV,14,C,HARMAN
41113,8,BRASOV,14,C,HIRSENI
41177,8,BRASOV,14,C,HOGHIZ
42472,8,BRASOV,14,C,HOLBAV
41248,8,BRASOV,14,C,HOMOROD
41284,8,BRASOV,14,C,JIBERT
41346,8,BRASOV,14,C,LISA
41382,8,BRASOV,14,C,MAIERUS
41417,8,BRASOV,14,C,MANDRA
41471,8,BRASOV,14,C,MOIECIU
41541,8,BRASOV,14,C,ORMENIS
41578,8,BRASOV,14,C,PARAU
41621,8,BRASOV,14,C,POIANA MARULUI
41667,8,BRASOV,14,C,PREJMER
41701,8,BRASOV,14,C,RACOS
41738,8,BRASOV,14,C,RECEA
41818,8,BRASOV,14,C,SERCAIA
42464,8,BRASOV,14,C,SAMBATA DE SUS
41854,8,BRASOV,14,C,SINCA
42449,8,BRASOV,14,C,SINCA-NOUA
41925,8,BRASOV,14,C,SANPETRU
41943,8,BRASOV,14,C,SOARS
42003,8,BRASOV,14,C,TARLUNGENI
42058,8,BRASOV,14,C,TELIU
42076,8,BRASOV,14,C,TICUS
42101,8,BRASOV,14,C,UCEA
42156,8,BRASOV,14,C,UNGRA
42183,8,BRASOV,14,C,VAMA BUZAULUI
42236,8,BRASOV,14,C,VISTEA
42307,8,BRASOV,14,C,VOILA
42398,8,BRASOV,14,C,VULCAN
92,9,BRAILA,11,CJ,CONSILIUL JUDETEAN
42682,9,BRAILA,12,M,Municipiul Braila
42753,9,BRAILA,13,O,FAUREI
43331,9,BRAILA,13,O,IANCA
43411,9,BRAILA,13,O,INSURATEI
42824,9,BRAILA,14,C,BARAGANU
42842,9,BRAILA,14,C,BERTESTII DE JOS
42913,9,BRAILA,14,C,BORDEI VERDE
42968,9,BRAILA,14,C,CIOCILE
43019,9,BRAILA,14,C,CIRESU
43073,9,BRAILA,14,C,DUDESTI
43117,9,BRAILA,14,C,FRECATEI
43180,9,BRAILA,14,C,GALBENU
43242,9,BRAILA,14,C,GEMENELE
43279,9,BRAILA,14,C,GRADISTEA
43313,9,BRAILA,14,C,GROPENI
42708,9,BRAILA,14,C,CHISCANI
42771,9,BRAILA,14,C,SURDILA GRECI
43466,9,BRAILA,14,C,JIRLAU
43493,9,BRAILA,14,C,MARASU
43563,9,BRAILA,14,C,MAXINENI
43625,9,BRAILA,14,C,MIRCEA VODA
43652,9,BRAILA,14,C,MOVILA MIRESII
43698,9,BRAILA,14,C,RACOVITA
43732,9,BRAILA,14,C,RAMNICELU
43787,9,BRAILA,14,C,ROMANU
43812,9,BRAILA,14,C,ROSIORI
43867,9,BRAILA,14,C,SALCIA TUDOR
43929,9,BRAILA,14,C,SCORTARU NOU
43992,9,BRAILA,14,C,SILISTEA
44060,9,BRAILA,14,C,STANCUTA
44113,9,BRAILA,14,C,SURDILA GAISEANCA
44140,9,BRAILA,14,C,SUTESTI
44177,9,BRAILA,14,C,TICHILESTI
44202,9,BRAILA,14,C,TRAIAN
44257,9,BRAILA,14,C,TUDOR VLADIMIRESCU
44560,9,BRAILA,14,C,CAZASU
44300,9,BRAILA,14,C,TUFESTI
44328,9,BRAILA,14,C,ULMU
44355,9,BRAILA,14,C,UNIREA
44391,9,BRAILA,14,C,VADENI
44435,9,BRAILA,14,C,VICTORIA
44462,9,BRAILA,14,C,VISANI
44505,9,BRAILA,14,C,VIZIRU
44532,9,BRAILA,14,C,ZAVOAIA
109,10,BUZAU,11,CJ,CONSILIUL JUDETEAN
44818,10,BUZAU,12,M,Buzau
44845,10,BUZAU,12,M,Rimnicu Sarat
47916,10,BUZAU,13,O,Nehoiu
48325,10,BUZAU,13,O,Patirlagele
48744,10,BUZAU,13,O,Pogoanele
44863,10,BUZAU,14,C,Amaru
44989,10,BUZAU,14,C,Balaceanu
44934,10,BUZAU,14,C,Balta Alba
45003,10,BUZAU,14,C,Beceni
45101,10,BUZAU,14,C,Berca
45245,10,BUZAU,14,C,Bisoca
45334,10,BUZAU,14,C,Blajani
45361,10,BUZAU,14,C,Boldu
45389,10,BUZAU,14,C,Bozioru
45496,10,BUZAU,14,C,Bradeanu
45539,10,BUZAU,14,C,Braiesti
45619,10,BUZAU,14,C,Breaza
45673,10,BUZAU,14,C,Buda
45888,10,BUZAU,14,C,Canesti
45753,10,BUZAU,14,C,Calvini
45815,10,BUZAU,14,C,C.A.Rosetti
45959,10,BUZAU,14,C,Catina
46019,10,BUZAU,14,C,Cernatesti
46108,10,BUZAU,14,C,Chilii
46180,10,BUZAU,14,C,Chiojdu
46251,10,BUZAU,14,C,Cilibia
46313,10,BUZAU,14,C,Cislau
46484,10,BUZAU,14,C,Costesti
46377,10,BUZAU,14,C,Cochirleanca
46554,10,BUZAU,14,C,Cozieni
46439,10,BUZAU,14,C,Colti
46769,10,BUZAU,14,C,Galbinasi
46803,10,BUZAU,14,C,Gheraseni
46830,10,BUZAU,14,C,Ghergheasa
46910,10,BUZAU,14,C,Glodeanu Silistea
46867,10,BUZAU,14,C,Glodeanu Sarat
47006,10,BUZAU,14,C,Grebanu
47079,10,BUZAU,14,C,Gura Teghii
47159,10,BUZAU,14,C,Largu
47186,10,BUZAU,14,C,Lopatari
47300,10,BUZAU,14,C,Luciu
47337,10,BUZAU,14,C,Magura
47373,10,BUZAU,14,C,Maracineni
47417,10,BUZAU,14,C,Margaritesti
47578,10,BUZAU,14,C,Mihailesti
47453,10,BUZAU,14,C,Merei
47630,10,BUZAU,14,C,Manzalesti
47774,10,BUZAU,14,C,Movila Banului
47818,10,BUZAU,14,C,Murgesti
47854,10,BUZAU,14,C,Naeni
48021,10,BUZAU,14,C,Odaile
48138,10,BUZAU,14,C,Padina
48165,10,BUZAU,14,C,Pardosi
48227,10,BUZAU,14,C,Panatau
48487,10,BUZAU,14,C,Pietroasele
48557,10,BUZAU,14,C,Pirscov
48682,10,BUZAU,14,C,Podgoria
48771,10,BUZAU,14,C,Posta Calnau
48842,10,BUZAU,14,C,Puiesti
48922,10,BUZAU,14,C,Racoviteni
48968,10,BUZAU,14,C,Rimnicelu
49019,10,BUZAU,14,C,Robeasca
49046,10,BUZAU,14,C,Rusetu
49073,10,BUZAU,14,C,Sageata
49153,10,BUZAU,14,C,Sahateni
49206,10,BUZAU,14,C,Sapoca
49233,10,BUZAU,14,C,Sarulesti
49313,10,BUZAU,14,C,Scortoasa
49439,10,BUZAU,14,C,Scutelnici
49484,10,BUZAU,14,C,Siriu
49545,10,BUZAU,14,C,Smeeni
49625,10,BUZAU,14,C,Stalpu
49643,10,BUZAU,14,C,Tisau
49769,10,BUZAU,14,C,Topliceni
49849,10,BUZAU,14,C,Tintesti
49894,10,BUZAU,14,C,Ulmeni
49956,10,BUZAU,14,C,Vadu  Pasii
50022,10,BUZAU,14,C,Valea Ramnicului
50068,10,BUZAU,14,C,Valea Salciei
50102,10,BUZAU,14,C,Vernesti
50228,10,BUZAU,14,C,Vintila Voda
50326,10,BUZAU,14,C,Viperesti
50399,10,BUZAU,14,C,Valcelele
50415,10,BUZAU,14,C,Zarnesti
50479,10,BUZAU,14,C,Ziduri
50549,10,BUZAU,14,C,Unguriu
50564,10,BUZAU,14,C,Florica
118,11,CARAS-SEVERIN,11,CJ,CONSILIUL JUDETEAN
50790,11,CARAS-SEVERIN,12,M,RESITA
51010,11,CARAS-SEVERIN,12,M,CARANSEBES
50889,11,CARAS-SEVERIN,13,O,ANINA
50923,11,CARAS-SEVERIN,13,O,HERCULANE
50969,11,CARAS-SEVERIN,13,O,BOCŞA
51056,11,CARAS-SEVERIN,13,O,MOLDOVA NOUĂ
51118,11,CARAS-SEVERIN,13,O,ORAVIŢA
51207,11,CARAS-SEVERIN,13,O,OŢELU ROŞU
51243,11,CARAS-SEVERIN,14,C,ARMENIS
51305,11,CARAS-SEVERIN,14,C,BANIA
51332,11,CARAS-SEVERIN,14,C,BAUTARI
51387,11,CARAS-SEVERIN,14,C,BERLISTE
51449,11,CARAS-SEVERIN,14,C,BERZEASCA
51500,11,CARAS-SEVERIN,14,C,BERZOVIA
51546,11,CARAS-SEVERIN,14,C,BOLVASNITA
51573,11,CARAS-SEVERIN,14,C,BOZOVICI
51626,11,CARAS-SEVERIN,14,C,BREBU
51662,11,CARAS-SEVERIN,14,C,BREBU NOU
51751,11,CARAS-SEVERIN,14,C,"BUCOSNITA"""
51699,11,CARAS-SEVERIN,14,C,BUCHIN
51804,11,CARAS-SEVERIN,14,C,CARASOVA
51840,11,CARAS-SEVERIN,14,C,CARBUNARI
51948,11,CARAS-SEVERIN,14,C,CICLOVA ROMANA
51984,11,CARAS-SEVERIN,14,C,CIUCHICI
52035,11,CARAS-SEVERIN,14,C,CIUDANOVITA
51877,11,CARAS-SEVERIN,14,C,C-TIN DAICOVICI
52062,11,CARAS-SEVERIN,14,C,COPACELE
52115,11,CARAS-SEVERIN,14,C,CORNEA
52160,11,CARAS-SEVERIN,14,C,"CORNEREVA"""
52570,11,CARAS-SEVERIN,14,C,DALBOSET
52650,11,CARAS-SEVERIN,14,C,DOCLIN
52696,11,CARAS-SEVERIN,14,C,DOGNECEA
52721,11,CARAS-SEVERIN,14,C,DOMASNEA
53700,11,CARAS-SEVERIN,14,C,EFTIMIE MURGU
52758,11,CARAS-SEVERIN,14,C,EZERIS
52785,11,CARAS-SEVERIN,14,C,FARLIUG
52856,11,CARAS-SEVERIN,14,C,FOROTIC
52909,11,CARAS-SEVERIN,14,C,GARNIC
52936,11,CARAS-SEVERIN,14,C,GLIMBOCA
52954,11,CARAS-SEVERIN,14,C,GORUIA
52990,11,CARAS-SEVERIN,14,C,GRADINARI
53023,11,CARAS-SEVERIN,14,C,IABLANITA
53069,11,CARAS-SEVERIN,14,C,LAPUSNICEL
53103,11,CARAS-SEVERIN,14,C,LAPUSNICU MARE
53130,11,CARAS-SEVERIN,14,C,LUNCAVITA
53167,11,CARAS-SEVERIN,14,C,LUPAC
53210,11,CARAS-SEVERIN,14,C,MARGA
53247,11,CARAS-SEVERIN,14,C,MAURENI
53274,11,CARAS-SEVERIN,14,C,MEHADIA
53327,11,CARAS-SEVERIN,14,C,MEHADICA
53345,11,CARAS-SEVERIN,14,C,NAIDAS
53372,11,CARAS-SEVERIN,14,C,OBREJA
53425,11,CARAS-SEVERIN,14,C,PALTINIS
53489,11,CARAS-SEVERIN,14,C,PESCARI
53513,11,CARAS-SEVERIN,14,C,POJOJENA
53577,11,CARAS-SEVERIN,14,C,PRIGOR
53639,11,CARAS-SEVERIN,14,C,RAMNA
53675,11,CARAS-SEVERIN,14,C,RACAJDIA
53728,11,CARAS-SEVERIN,14,C,RUSCA MONTANA
53755,11,CARAS-SEVERIN,14,C,SACU
53791,11,CARAS-SEVERIN,14,C,SASCA MONTANA
53853,11,CARAS-SEVERIN,14,C,SICHEVITA
54056,11,CARAS-SEVERIN,14,C,SLATINA TIMIS
54109,11,CARAS-SEVERIN,14,C,SOCOL
54163,11,CARAS-SEVERIN,14,C,SOPOTU NOU
54270,11,CARAS-SEVERIN,14,C,TEREGOVA
54305,11,CARAS-SEVERIN,14,C,TICVANIU MARE
54350,11,CARAS-SEVERIN,14,C,TIRNOVA
54387,11,CARAS-SEVERIN,14,C,TOPLET
54412,11,CARAS-SEVERIN,14,C,TURNU RUIENI
54485,11,CARAS-SEVERIN,14,C,VALIUG
54500,11,CARAS-SEVERIN,14,C,VARADIA
54537,11,CARAS-SEVERIN,14,C,VERMES
54573,11,CARAS-SEVERIN,14,C,VRANI
54617,11,CARAS-SEVERIN,14,C,ZAVOI
54699,11,CARAS-SEVERIN,14,C,ZORLENTIU MARE
50987,11,CARAS-SEVERIN,14,C,OCNA DE FIER
519,12,CALARASI,11,CJ,CONSILIUL JUDETEAN
92569,12,CALARASI,12,M,CALARASI
100610,12,CALARASI,12,M,OLTENITA
101458,12,CALARASI,13,O,BUDESTI
103032,12,CALARASI,13,O,FUNDULEA
93888,12,CALARASI,13,O,LEHLIU GARA
94125,12,CALARASI,14,C,AL.ODOBESCU
101083,12,CALARASI,14,C,BELCIUGATELE
92961,12,CALARASI,14,C,BORCEA
101724,12,CALARASI,14,C,CASCIOARELE
101804,12,CALARASI,14,C,CHIRNOGI
101822,12,CALARASI,14,C,CHISELET
93085,12,CALARASI,14,C,CIOCANESTI
180055,12,CALARASI,14,C,CRIVAT
102419,12,CALARASI,14,C,CURCANI
93281,12,CALARASI,14,C,CUZA VODA
93325,12,CALARASI,14,C,DICHISENI
93441,12,CALARASI,14,C,DOROBANTU
93370,12,CALARASI,14,C,DOR MARUNT
93487,12,CALARASI,14,C,DRAGALINA
93539,12,CALARASI,14,C,DRAGOS VODA
102838,12,CALARASI,14,C,FRASINET
102945,12,CALARASI,14,C,FRUMUSANI
103014,12,CALARASI,14,C,FUNDENI
179962,12,CALARASI,14,C,GALBINASI
93664,12,CALARASI,14,C,GRADISTEA
103568,12,CALARASI,14,C,GURBANESTI
103764,12,CALARASI,14,C,ILEANA
93771,12,CALARASI,14,C,INDEPENDENTA
93815,12,CALARASI,14,C,JEGALIA
93851,12,CALARASI,14,C,LEHLIU SAT
104083,12,CALARASI,14,C,LUICA
93931,12,CALARASI,14,C,LUPSANU
100638,12,CALARASI,14,C,MITRENI
104181,12,CALARASI,14,C,MANASTIREA
92587,12,CALARASI,14,C,MODELU
104323,12,CALARASI,14,C,NANA
104341,12,CALARASI,14,C,NIC.BALCESCU
94223,12,CALARASI,14,C,PERISORU
104635,12,CALARASI,14,C,PLATARESTI
104751,12,CALARASI,14,C,RADOVANU
94312,12,CALARASI,14,C,ROSETI
104886,12,CALARASI,14,C,SARULESTI
105222,12,CALARASI,14,C,SOHATU
105259,12,CALARASI,14,C,SPANTOV
105384,12,CALARASI,14,C,SOLDANU
94562,12,CALARASI,14,C,STEFAN CEL MARE
94580,12,CALARASI,14,C,STEFAN VODA
105455,12,CALARASI,14,C,TAMADAU MARE
105605,12,CALARASI,14,C,ULMENI
94606,12,CALARASI,14,C,ULMU
94651,12,CALARASI,14,C,UNIREA
105712,12,CALARASI,14,C,VALEA ARGOVEI
105829,12,CALARASI,14,C,VASILATI
94731,12,CALARASI,14,C,VALCELELE
94768,12,CALARASI,14,C,VLAD TEPES
127,13,CLUJ,11,CJ,CONSILIUL JUDETEAN
54975,13,CLUJ,12,M,MUN. CLUJ-NAPOCA
55259,13,CLUJ,12,M,MUN. TURDA
55008,13,CLUJ,12,M,MUN. DEJ
55357,13,CLUJ,12,M,MUN. CAMPIA-TURZII
55384,13,CLUJ,12,M,MUN. GHERLA
55446,13,CLUJ,13,O,ORS. HUEDIN
55473,13,CLUJ,14,C,COMUNA AGHIRESU
55598,13,CLUJ,14,C,COMUNA AITON
55623,13,CLUJ,14,C,COMUNA ALUNIS
55687,13,CLUJ,14,C,COMUNA APAHIDA
55776,13,CLUJ,14,C,COMUNA ASCHILEU
55838,13,CLUJ,14,C,COMUNA BACIU
55918,13,CLUJ,14,C,COMUNA BAISOARA
56014,13,CLUJ,14,C,COMUNA BELIS
56096,13,CLUJ,14,C,COMUNA BOBILNA
56210,13,CLUJ,14,C,COMUNA BONTIDA
56265,13,CLUJ,14,C,COMUNA BORSA
56327,13,CLUJ,14,C,COMUNA BUZA
56354,13,CLUJ,14,C,COMUNA CAIANU
56425,13,CLUJ,14,C,COMUNA CALARASI
56461,13,CLUJ,14,C,COMUNA CALATELE
56522,13,CLUJ,14,C,COMUNA CAMARASU
56568,13,CLUJ,14,C,COMUNA CAPUSU MARE
56666,13,CLUJ,14,C,COMUNA CASEIU
56773,13,CLUJ,14,C,COMUNA CATINA
56844,13,CLUJ,14,C,COMUNA CEANU MARE
56988,13,CLUJ,14,C,COMUNA CHINTENI
57083,13,CLUJ,14,C,COMUNA CHIUIESTI
57314,13,CLUJ,14,C,COMUNA CITCAU
57163,13,CLUJ,14,C,COMUNA CIUCEA
57225,13,CLUJ,14,C,COMUNA CIURILA
57350,13,CLUJ,14,C,COMUNA COJOCNA
57449,13,CLUJ,14,C,COMUNA CORNESTI
55062,13,CLUJ,14,C,COMUNA CUZDRIOARA
57546,13,CLUJ,14,C,COMUNA DABICA
57582,13,CLUJ,14,C,COMUNA FELEACU
57644,13,CLUJ,14,C,COMUNA FIZESU GHERLII
57706,13,CLUJ,14,C,COMUNA FLORESTI
57742,13,CLUJ,14,C,COMUNA FRATA
57831,13,CLUJ,14,C,COMUNA GEACA
57902,13,CLUJ,14,C,COMUNA GILAU
57948,13,CLUJ,14,C,COMUNA GIRBAU
58008,13,CLUJ,14,C,COMUNA IARA
58142,13,CLUJ,14,C,COMUNA ICLOD
58204,13,CLUJ,14,C,COMUNA IZVORU CRISULUI
55106,13,CLUJ,14,C,COMUNA JICHISU DE JOS
58259,13,CLUJ,14,C,COMUNA JUCU
58311,13,CLUJ,14,C,COMUNA LUNA
58357,13,CLUJ,14,C,COMUNA MAGURI-RACATAU
58393,13,CLUJ,14,C,COMUNA MANASTIRENI
58464,13,CLUJ,14,C,COMUNA MARGAU
58534,13,CLUJ,14,C,COMUNA MARISEL
55160,13,CLUJ,14,C,COMUNA MICA
55277,13,CLUJ,14,C,COMUNA MIHAI VITEAZU
58552,13,CLUJ,14,C,COMUNA MINTIU GHERLII
58623,13,CLUJ,14,C,COMUNA MOCIU
58721,13,CLUJ,14,C,COMUNA MOLDOVENESTI
58794,13,CLUJ,14,C,COMUNA PALATCA
58856,13,CLUJ,14,C,COMUNA PANTICEU
58918,13,CLUJ,14,C,COMUNA PETRESTII DE JOS
58990,13,CLUJ,14,C,COMUNA PLOSCOS
59041,13,CLUJ,14,C,COMUNA POIENI
59130,13,CLUJ,14,C,COMUNA RECEA-CRISTUR
59238,13,CLUJ,14,C,COMUNA RISCA
59283,13,CLUJ,14,C,COMUNA SACUIEU
55311,13,CLUJ,14,C,COMUNA SANDULESTI
59327,13,CLUJ,14,C,COMUNA SAVADISLA
59416,13,CLUJ,14,C,COMUNA SIC
59434,13,CLUJ,14,C,COMUNA SINCRAIU
59498,13,CLUJ,14,C,COMUNA SINMARTIN
59586,13,CLUJ,14,C,COMUNA SINPAUL
59657,13,CLUJ,14,C,COMUNA SUATU
59826,13,CLUJ,14,C,COMUNA TAGA
59693,13,CLUJ,14,C,COMUNA TRITENII DE JOS
59764,13,CLUJ,14,C,COMUNA TURENI
59880,13,CLUJ,14,C,COMUNA UNGURAS
59942,13,CLUJ,14,C,COMUNA VAD
60026,13,CLUJ,14,C,COMUNA VALEA IERII
60062,13,CLUJ,14,C,COMUNA VIISOARA
60099,13,CLUJ,14,C,COMUNA VULTURENI
60169,13,CLUJ,14,C,COMUNA NEGRENI
136,14,CONSTANTA,11,CJ,CONSILIUL JUDETEAN
60419,14,CONSTANTA,12,M,Constanta
60482,14,CONSTANTA,12,M,Mangalia
60847,14,CONSTANTA,12,M,Medgidia
61069,14,CONSTANTA,13,O,baneasa
62360,14,CONSTANTA,13,O,basarabi
60776,14,CONSTANTA,13,O,cernavodă
60455,14,CONSTANTA,13,O,eforie
60801,14,CONSTANTA,13,O,hârşova
62397,14,CONSTANTA,13,O,negruvoda
60507,14,CONSTANTA,13,O,năvodari
60687,14,CONSTANTA,13,O,ovidiu
60534,14,CONSTANTA,13,O,techirghiol
60883,14,CONSTANTA,14,C,Adamclisi
60570,14,CONSTANTA,14,C,agigea
60945,14,CONSTANTA,14,C,albeşti
61005,14,CONSTANTA,14,C,aliman
63198,14,CONSTANTA,14,C,amzacea
60598,14,CONSTANTA,14,C,2 3 august
63294,14,CONSTANTA,14,C,bărăganu
61121,14,CONSTANTA,14,C,castelu
61167,14,CONSTANTA,14,C,cerchezu
61210,14,CONSTANTA,14,C,chirnogeni
61256,14,CONSTANTA,14,C,ciobanu
61283,14,CONSTANTA,14,C,ciocârlia
61318,14,CONSTANTA,14,C,cobadin
63286,14,CONSTANTA,14,C,costineşti
61372,14,CONSTANTA,14,C,cogealac
61452,14,CONSTANTA,14,C,comana
61513,14,CONSTANTA,14,C,corbu
61559,14,CONSTANTA,14,C,crucea
61620,14,CONSTANTA,14,C,cumpăna
63300,14,CONSTANTA,14,C,cuza voda
61675,14,CONSTANTA,14,C,deleni
61737,14,CONSTANTA,14,C,dobromir
63161,14,CONSTANTA,14,C,dumbrăveni
63334,14,CONSTANTA,14,C,fantanele
61826,14,CONSTANTA,14,C,ghindăresţi
63326,14,CONSTANTA,14,C,gradina
61808,14,CONSTANTA,14,C,gârliciu
63278,14,CONSTANTA,14,C,horia
61871,14,CONSTANTA,14,C,independenţa
61951,14,CONSTANTA,14,C,ion corvin
62020,14,CONSTANTA,14,C,istria
60632,14,CONSTANTA,14,C,limanu
62057,14,CONSTANTA,14,C,lipniţa
63152,14,CONSTANTA,14,C,lumina
62137,14,CONSTANTA,14,C,mereni
62191,14,CONSTANTA,14,C,m. kogălniceanu
62253,14,CONSTANTA,14,C,m viteazu
62280,14,CONSTANTA,14,C,m vodă
62440,14,CONSTANTA,14,C,n bălcescu
62486,14,CONSTANTA,14,C,oltina
62538,14,CONSTANTA,14,C,ostrov
62609,14,CONSTANTA,14,C,pantelimon
62672,14,CONSTANTA,14,C,pecineaga
62707,14,CONSTANTA,14,C,peştera
62761,14,CONSTANTA,14,C,poarta albă
62798,14,CONSTANTA,14,C,rasova
62823,14,CONSTANTA,14,C,saraiu
63318,14,CONSTANTA,14,C,saligny
62878,14,CONSTANTA,14,C,săcele
62949,14,CONSTANTA,14,C,siliştea
62985,14,CONSTANTA,14,C,târguşor
60721,14,CONSTANTA,14,C,tuzla
63045,14,CONSTANTA,14,C,topalu
63072,14,CONSTANTA,14,C,topraisar
63189,14,CONSTANTA,14,C,tortomanu
63125,14,CONSTANTA,14,C,valu lui traian
63170,14,CONSTANTA,14,C,vulturu
62903,14,CONSTANTA,14,C,seimeni
145,15,COVASNA,11,CJ,CONSILIUL JUDETEAN
63394,15,COVASNA,12,M,SF.GHEORGHE
63740,15,COVASNA,12,M,TG.SECUIESC
63526,15,COVASNA,13,O,COVASNA
63447,15,COVASNA,13,O,BARAOLT
63580,15,COVASNA,13,O,INT.BUZAULUI
63777,15,COVASNA,14,C,AITA MARE
63802,15,COVASNA,14,C,BATANI
63866,15,COVASNA,14,C,BELIN
63893,15,COVASNA,14,C,BODOC
63937,15,COVASNA,14,C,BOROSNEU
64005,15,COVASNA,14,C,BRATES
64041,15,COVASNA,14,C,BRADUT
64096,15,COVASNA,14,C,BRETCU
64130,15,COVASNA,14,C,CATALINA
64194,15,COVASNA,14,C,CERNAT
64238,15,COVASNA,14,C,CHICHIS
64265,15,COVASNA,14,C,DOBARLAU
64318,15,COVASNA,14,C,GHELINTA
64345,15,COVASNA,14,C,GHIDFALAU
64390,15,COVASNA,14,C,HAGHIG
64425,15,COVASNA,14,C,ILIENI
64461,15,COVASNA,14,C,LEMNIA
64504,15,COVASNA,14,C,MALNAS
64568,15,COVASNA,14,C,MOACSA
64602,15,COVASNA,14,C,OJDULA
64639,15,COVASNA,14,C,OZUN
64719,15,COVASNA,14,C,POIAN
64773,15,COVASNA,14,C,RECI
64826,15,COVASNA,14,C,SANZIENI
64871,15,COVASNA,14,C,TURIA
64906,15,COVASNA,14,C,VALEA CRISULUI
64942,15,COVASNA,14,C,VALCELE
64997,15,COVASNA,14,C,VARGHIS
65011,15,COVASNA,14,C,ZAGON
65048,15,COVASNA,14,C,ZABALA
63553,15,COVASNA,14,C,COMANDAU
63633,15,COVASNA,14,C,BARCANI
63688,15,COVASNA,14,C,SITA BUZAULUI
65099,15,COVASNA,14,C,VALEA MARE
65105,15,COVASNA,14,C,MERENI
65113,15,COVASNA,14,C,ARCUS
65121,15,COVASNA,14,C,BIXAD
65147,15,COVASNA,14,C,DALNIC
65139,15,COVASNA,14,C,MICFALAU
65154,15,COVASNA,14,C,ESTELNIC
154,16,DAMBOVITA,11,CJ,CONSILIUL JUDETEAN
65342,16,DAMBOVITA,12,M,Mun.Targoviste
65841,16,DAMBOVITA,12,M,Mun.Moreni
65609,16,DAMBOVITA,13,O,Oras Fieni
65681,16,DAMBOVITA,13,O,Oras Gaesti
65921,16,DAMBOVITA,13,O,Oras Pucioasa
66081,16,DAMBOVITA,13,O,Oras Titu
68627,16,DAMBOVITA,13,O,Oras Racari
65379,16,DAMBOVITA,14,C,COMUNA ANINOASA
66198,16,DAMBOVITA,14,C,COMUNA BALENI
66223,16,DAMBOVITA,14,C,COMUNA BARBULETU
66330,16,DAMBOVITA,14,C,COMUNA BEZDEAD
66401,16,DAMBOVITA,14,C,COMUNA BILCIURESTI
66009,16,DAMBOVITA,14,C,COMUNA BRANESTI
66152,16,DAMBOVITA,14,C,COMUNA BRANISTE
101341,16,DAMBOVITA,14,C,COMUNA BREZOAELE
66438,16,DAMBOVITA,14,C,COMUNA BUCIUMENI
66474,16,DAMBOVITA,14,C,COMUNA BUCSANI
101564,16,DAMBOVITA,14,C,COMUNA BUTIMANU
66526,16,DAMBOVITA,14,C,COMUNA CANDESTI
101840,16,DAMBOVITA,14,C,COMUNA CIOCANESTI
66580,16,DAMBOVITA,14,C,COMUNA COBIA
66697,16,DAMBOVITA,14,C,COMUNA COJASCA
66731,16,DAMBOVITA,14,C,COMUNA COMISANI
66768,16,DAMBOVITA,14,C,COMUNA CONTESTI
66857,16,DAMBOVITA,14,C,COMUNA CORBII MARI
66955,16,DAMBOVITA,14,C,COMUNA CORNATELU
67014,16,DAMBOVITA,14,C,COMUNA CORNESTI
67121,16,DAMBOVITA,14,C,COMUNA COSTESTI VALE
67167,16,DAMBOVITA,14,C,COMUNA CRANGURI
102286,16,DAMBOVITA,14,C,COMUNA CREVEDIA
67256,16,DAMBOVITA,14,C,COMUNA DARMANESTI
67292,16,DAMBOVITA,14,C,COMUNA DOBRA
65413,16,DAMBOVITA,14,C,COMUNA DOICESTI
67327,16,DAMBOVITA,14,C,COMUNA DRAGODANA
67407,16,DAMBOVITA,14,C,COMUNA DRAGOMIRESTI
67470,16,DAMBOVITA,14,C,COMUNA FINTA
67522,16,DAMBOVITA,14,C,COMUNA GLODENI
65707,16,DAMBOVITA,14,C,COMUNA GURA FOII
67595,16,DAMBOVITA,14,C,COMUNA GURA OCNITEI
67648,16,DAMBOVITA,14,C,COMUNA GURA SUTII
67675,16,DAMBOVITA,14,C,COMUNA HULUBESTI
67737,16,DAMBOVITA,14,C,COMUNA I. L. CARAGIALE
65869,16,DAMBOVITA,14,C,COMUNA IEDERA
67773,16,DAMBOVITA,14,C,COMUNA LUCIENI
67835,16,DAMBOVITA,14,C,COMUNA LUDESTI
67906,16,DAMBOVITA,14,C,COMUNA LUNGULETU
67942,16,DAMBOVITA,14,C,COMUNA MALU CU FLORI
68002,16,DAMBOVITA,14,C,COMUNA MANESTI
68048,16,DAMBOVITA,14,C,COMUNA MATASARU
68128,16,DAMBOVITA,14,C,COMUNA MOGOSANI
68182,16,DAMBOVITA,14,C,COMUNA MOROIENI
68253,16,DAMBOVITA,14,C,COMUNA MORTENI
65645,16,DAMBOVITA,14,C,COMUNA MOTAIENI
104387,16,DAMBOVITA,14,C,COMUNA NICULESTI
68280,16,DAMBOVITA,14,C,COMUNA NUCET
68324,16,DAMBOVITA,14,C,COMUNA OCNITA
68342,16,DAMBOVITA,14,C,COMUNA ODOBESTI
179935,16,DAMBOVITA,14,C,COMUNA PERSINARI
65752,16,DAMBOVITA,14,C,COMUNA PETRESTI
179908,16,DAMBOVITA,14,C,COMUNA PIETRARI
68404,16,DAMBOVITA,14,C,COMUNA PIETROSITA
68431,16,DAMBOVITA,14,C,COMUNA POIANA
68468,16,DAMBOVITA,14,C,COMUNA POTLOGI
68529,16,DAMBOVITA,14,C,COMUNA PRODULESTI
68565,16,DAMBOVITA,14,C,COMUNA PUCHENI
179891,16,DAMBOVITA,14,C,COMUNA RACIU
179926,16,DAMBOVITA,14,C,COMUNA RASCAETI
179917,16,DAMBOVITA,14,C,COMUNA RAU ALB
65431,16,DAMBOVITA,14,C,COMUNA RAZVAD
68716,16,DAMBOVITA,14,C,COMUNA RUNCU
68789,16,DAMBOVITA,14,C,COMUNA SALCIOARA
68887,16,DAMBOVITA,14,C,COMUNA SELARU
105142,16,DAMBOVITA,14,C,COMUNA SLOBOZIA MOARA
65477,16,DAMBOVITA,14,C,COMUNA SOTANGA
105534,16,DAMBOVITA,14,C,COMUNA TARTASESTI
68921,16,DAMBOVITA,14,C,COMUNA TATARANI
68976,16,DAMBOVITA,14,C,COMUNA ULIESTI
65501,16,DAMBOVITA,14,C,COMUNA ULMI
69250,16,DAMBOVITA,14,C,COMUNA VACARESTI
69170,16,DAMBOVITA,14,C,COMUNA VALEA MARE
69063,16,DAMBOVITA,14,C,COMUNA VALEALUNGA
69303,16,DAMBOVITA,14,C,COMUNA VALENI DAMBOVITA
69447,16,DAMBOVITA,14,C,COMUNA VARFURI
69330,16,DAMBOVITA,14,C,COMUNA VISINA
69394,16,DAMBOVITA,14,C,COMUNA VISINESTI
179711,16,DAMBOVITA,14,C,COMUNA VLADENI
69526,16,DAMBOVITA,14,C,COMUNA VOINESTI
179640,16,DAMBOVITA,14,C,COMUNA VULCANA PANDELE
69615,16,DAMBOVITA,14,C,COMUNA VULCANA BAI
163,17,DOLJ,11,CJ,CONSILIUL JUDETEAN
69900,17,DOLJ,12,M,CRAIOVA
70352,17,DOLJ,12,M,CALAFAT
70316,17,DOLJ,12,M,BAILESTI
70879,17,DOLJ,13,O,BECHET
72007,17,DOLJ,13,O,DABULENI
70414,17,DOLJ,13,O,FILIASI
70502,17,DOLJ,13,O,SEGARCEA
70520,17,DOLJ,14,C,AFUMATI
70566,17,DOLJ,14,C,ALMAJ
70637,17,DOLJ,14,C,AMARASTII DE JOS
70673,17,DOLJ,14,C,AMARASTII DE SUS
70726,17,DOLJ,14,C,APELE VII
70744,17,DOLJ,14,C,ARGETOAIA
70897,17,DOLJ,14,C,BISTRET
70940,17,DOLJ,14,C,BIRCA
70968,17,DOLJ,14,C,BOTOSESTI-PAIA
70986,17,DOLJ,14,C,BRABOVA
71055,17,DOLJ,14,C,BRADESTI
71126,17,DOLJ,14,C,BRALOSTITA
71199,17,DOLJ,14,C,BRATOVOIESTI
71260,17,DOLJ,14,C,BREASTA
69964,17,DOLJ,14,C,BUCOVAT
71340,17,DOLJ,14,C,BULZESTI
71457,17,DOLJ,14,C,CALOPAR
71518,17,DOLJ,14,C,CARAULA
71536,17,DOLJ,14,C,CARPEN
71572,17,DOLJ,14,C,CASTRANOVA
74842,17,DOLJ,14,C,CATANE
71607,17,DOLJ,14,C,CALARASI
71634,17,DOLJ,14,C,CELARU
71698,17,DOLJ,14,C,CERAT
71723,17,DOLJ,14,C,CERNATESTI
71787,17,DOLJ,14,C,CETATE
71812,17,DOLJ,14,C,CIOROIASI
71858,17,DOLJ,14,C,CIUPERCENII NOI
74859,17,DOLJ,14,C,CARCEA
74867,17,DOLJ,14,C,CARNA
71885,17,DOLJ,14,C,COSOVENI
71910,17,DOLJ,14,C,COTOFENII DIN DOS
74875,17,DOLJ,14,C,COTOFENII DIN FATA
71956,17,DOLJ,14,C,DANETI
72034,17,DOLJ,14,C,DESA
72052,17,DOLJ,14,C,DIOSTI
72098,17,DOLJ,14,C,DOBRESTI
74883,17,DOLJ,14,C,DOBROTESTI
72150,17,DOLJ,14,C,DRAGOTESTI
72221,17,DOLJ,14,C,DRANIC
72276,17,DOLJ,14,C,FARCAS
72383,17,DOLJ,14,C,GALICEA MARE
74891,17,DOLJ,14,C,GALICIUICA
72409,17,DOLJ,14,C,GHERCESTI
74907,17,DOLJ,14,C,GHIDICI
74915,17,DOLJ,14,C,GHINDENI
72463,17,DOLJ,14,C,GIGHERA
72506,17,DOLJ,14,C,GIUBEGA
72533,17,DOLJ,14,C,GIURGITA
72579,17,DOLJ,14,C,GINGIOVA
72604,17,DOLJ,14,C,GOGOSU
72640,17,DOLJ,14,C,GOICEA
72677,17,DOLJ,14,C,GOIESTI
72819,17,DOLJ,14,C,GRECESTI
70094,17,DOLJ,14,C,ISALNITA
72882,17,DOLJ,14,C,IZVOARE
74923,17,DOLJ,14,C,INTORSURA
72926,17,DOLJ,14,C,LEU
72953,17,DOLJ,14,C,LIPOVU
72980,17,DOLJ,14,C,MACESU DE JOS
73013,17,DOLJ,14,C,MACESU DE SUS
73031,17,DOLJ,14,C,MAGLAVIT
73068,17,DOLJ,14,C,MALU MARE
73102,17,DOLJ,14,C,MELINESTI
73246,17,DOLJ,14,C,MISCHII
73317,17,DOLJ,14,C,MIRSANI
73335,17,DOLJ,14,C,MOTATEI
73371,17,DOLJ,14,C,MURGASI
73460,17,DOLJ,14,C,NEGOI
73503,17,DOLJ,14,C,ORODEL
73567,17,DOLJ,14,C,OSTROVENI
73594,17,DOLJ,14,C,PERISOR
73629,17,DOLJ,14,C,PIELESTI
73665,17,DOLJ,14,C,PISCU VECHI
73709,17,DOLJ,14,C,PLENITA
74931,17,DOLJ,14,C,PLESOI
73736,17,DOLJ,14,C,POIANA MARE
70110,17,DOLJ,14,C,PODARI
73772,17,DOLJ,14,C,PREDESTI
73852,17,DOLJ,14,C,RADOVAN
73905,17,DOLJ,14,C,RAST
73923,17,DOLJ,14,C,ROBANESTI
74949,17,DOLJ,14,C,ROJISTE
73996,17,DOLJ,14,C,SADOVA
74028,17,DOLJ,14,C,SALCUTA
74073,17,DOLJ,14,C,SCAIESTI
74108,17,DOLJ,14,C,SEACA DE CIMP
74135,17,DOLJ,14,C,SEACA DE PADURE
74171,17,DOLJ,14,C,SECU
74224,17,DOLJ,14,C,SILISTEA CRUCII
74242,17,DOLJ,14,C,SOPOT
70174,17,DOLJ,14,C,SIMNICU DE SUS
74956,17,DOLJ,14,C,TALPAS
74322,17,DOLJ,14,C,TEASC
74359,17,DOLJ,14,C,TERPEZITA
74411,17,DOLJ,14,C,TESLUI
74509,17,DOLJ,14,C,TUGLUI
74536,17,DOLJ,14,C,UNIREA
74554,17,DOLJ,14,C,URZICUTA
74581,17,DOLJ,14,C,VALEA STANCIULUI
74616,17,DOLJ,14,C,VELA
74705,17,DOLJ,14,C,VERBITA
74732,17,DOLJ,14,C,VARTOP
74750,17,DOLJ,14,C,VARVORU DE JOS
172,18,GALATI,11,CJ,CONSILIUL JUDETEAN
75098,18,GALATI,12,M,MUNICIPIUL GALATI
75203,18,GALATI,12,M,MUNICIPIUL TECUCI
75338,18,GALATI,13,O,ORAS BERESTI
75472,18,GALATI,13,O,ORAS TARGU BUJOR
75515,18,GALATI,14,C,BARCEA
75542,18,GALATI,14,C,BALABANESTI
75613,18,GALATI,14,C,BALASESTI
75668,18,GALATI,14,C,BALENI
75686,18,GALATI,14,C,BANEASA
75356,18,GALATI,14,C,BERESTI-MERIA
75711,18,GALATI,14,C,BRANISTEA
75766,18,GALATI,14,C,BRAHASESTI
75819,18,GALATI,14,C,BUCIUMENI
75864,18,GALATI,14,C,CAVADINESTI
75917,18,GALATI,14,C,CERTESTI
76004,18,GALATI,14,C,CORNI
75953,18,GALATI,14,C,COROD
76040,18,GALATI,14,C,COSMESTI
76111,18,GALATI,14,C,COSTACHE NEGRI
76139,18,GALATI,14,C,CUCA
76157,18,GALATI,14,C,CUDALBI
77595,18,GALATI,14,C,CUZA VODA
75221,18,GALATI,14,C,DRAGANESTI
76175,18,GALATI,14,C,DRAGUSENI
76255,18,GALATI,14,C,FIRTANESTI
76282,18,GALATI,14,C,FOLTESTI
76317,18,GALATI,14,C,FRUMUSITA
76353,18,GALATI,14,C,FUNDENI
76406,18,GALATI,14,C,GHIDIGENI
76497,18,GALATI,14,C,GOHOR
76558,18,GALATI,14,C,GRIVITA
76585,18,GALATI,14,C,INDEPENDENTA
76601,18,GALATI,14,C,IVESTI
76638,18,GALATI,14,C,JORASTI
76674,18,GALATI,14,C,LIESTI
76692,18,GALATI,14,C,MATCA
76718,18,GALATI,14,C,MASTACANI
76745,18,GALATI,14,C,MOVILENI
75258,18,GALATI,14,C,MUNTENI
76763,18,GALATI,14,C,NAMOLOASA
77579,18,GALATI,14,C,NEGRILESTI
76807,18,GALATI,14,C,NICORESTI
76932,18,GALATI,14,C,OANCEA
76969,18,GALATI,14,C,PECHEA
76996,18,GALATI,14,C,PISCU
77587,18,GALATI,14,C,POIANA
77028,18,GALATI,14,C,PRIPONESTI
77561,18,GALATI,14,C,RADESTI
77082,18,GALATI,14,C,REDIU
77153,18,GALATI,14,C,SCHELA
77126,18,GALATI,14,C,SCINTEESTI
77180,18,GALATI,14,C,SLOBOZIA-CONACHI
77224,18,GALATI,14,C,SMIRDAN
77260,18,GALATI,14,C,SMULTI
77288,18,GALATI,14,C,SUCEVENI
77601,18,GALATI,14,C,SUHURLUI
75114,18,GALATI,14,C,SENDRENI
77313,18,GALATI,14,C,TUDOR-VLADIMIRESCU
77331,18,GALATI,14,C,TULUCESTI
77377,18,GALATI,14,C,TEPU
77402,18,GALATI,14,C,UMBRARESTI
77475,18,GALATI,14,C,VALEA-MARULUI
75150,18,GALATI,14,C,VINATORI
77509,18,GALATI,14,C,VIRLEZI
77536,18,GALATI,14,C,VLADESTI
528,19,GIURGIU,11,CJ,CONSILIUL JUDETEAN
100521,19,GIURGIU,12,M,Consiliul Municipal Giurgiu
104136,19,GIURGIU,13,O,Mihailesti
101190,19,GIURGIU,13,O,Bolintin Vale
100781,19,GIURGIU,14,C,Adunatii Copaceni
101001,19,GIURGIU,14,C,Baneasa
101163,19,GIURGIU,14,C,Bolintin Deal
101378,19,GIURGIU,14,C,Bucsani
101519,19,GIURGIU,14,C,Bulbucata
101617,19,GIURGIU,14,C,Buturugeni
101662,19,GIURGIU,14,C,Calugareni
101984,19,GIURGIU,14,C,Clejani
102071,19,GIURGIU,14,C,Colibasi
102106,19,GIURGIU,14,C,Comana
102348,19,GIURGIU,14,C,Crevedia Mare
102446,19,GIURGIU,14,C,Daia
102794,19,GIURGIU,14,C,Floresti Stoenesti
102909,19,GIURGIU,14,C,Fratesti
103087,19,GIURGIU,14,C,Gaiseni
103194,19,GIURGIU,14,C,Gaujani
103238,19,GIURGIU,14,C,Ghimpati
103309,19,GIURGIU,14,C,Gogosari
103372,19,GIURGIU,14,C,Gostinari
103354,19,GIURGIU,14,C,Gostinu
103407,19,GIURGIU,14,C,Gradinari
103470,19,GIURGIU,14,C,Greaca
103639,19,GIURGIU,14,C,Hotarele
103693,19,GIURGIU,14,C,Iepuresti
103899,19,GIURGIU,14,C,Izvoarele
103997,19,GIURGIU,14,C,Joita
104047,19,GIURGIU,14,C,Letca Noua
104118,19,GIURGIU,14,C,Mihai Bravu
104225,19,GIURGIU,14,C,Marsa
104485,19,GIURGIU,14,C,Ogrezeni
104519,19,GIURGIU,14,C,Oinacu
104680,19,GIURGIU,14,C,Prundu
104715,19,GIURGIU,14,C,Putineiu
104788,19,GIURGIU,14,C,Rasuceni
104831,19,GIURGIU,14,C,Roata de Jos
104975,19,GIURGIU,14,C,Schitu
105106,19,GIURGIU,14,C,Singureni
100549,19,GIURGIU,14,C,Slobozia
105295,19,GIURGIU,14,C,Stanesti
105348,19,GIURGIU,14,C,Stoenesti
154709,19,GIURGIU,14,C,Toporu
105623,19,GIURGIU,14,C,Ulmi
105776,19,GIURGIU,14,C,Valea Dragului
105874,19,GIURGIU,14,C,Varasti
105909,19,GIURGIU,14,C,Vedea
105972,19,GIURGIU,14,C,Vanatorii Mici
179739,19,GIURGIU,14,C,Malu
179748,19,GIURGIU,14,C,Cosoba
179757,19,GIURGIU,14,C,Heresti
179766,19,GIURGIU,14,C,Isvoarele
179775,19,GIURGIU,14,C,Sabareni
181,20,GORJ,11,CJ,CONSILIUL JUDETEAN
77812,20,GORJ,12,M,TG-JIU
78141,20,GORJ,12,M,MOTRU
78258,20,GORJ,13,O,NOVACI
78329,20,GORJ,13,O,TG-CARBUNESTI
78454,20,GORJ,13,O,TICLENI
82895,20,GORJ,13,O,ROVINARI
79308,20,GORJ,13,O,BUMBESTI-JIU
82430,20,GORJ,13,O,TISMANA
82617,20,GORJ,13,O,TURCENI
78472,20,GORJ,14,C,ALBENI
78542,20,GORJ,14,C,ALIMPESTI
78604,20,GORJ,14,C,ANINOASA
78668,20,GORJ,14,C,ARCANI
78711,20,GORJ,14,C,BAIA DE FIER
78748,20,GORJ,14,C,BALANESTI
78828,20,GORJ,14,C,BARBATESTI
78873,20,GORJ,14,C,BENGESTI CIOCADIA
78926,20,GORJ,14,C,BERLESTI
79004,20,GORJ,14,C,BILTENI
79077,20,GORJ,14,C,BOLBOSI
79157,20,GORJ,14,C,BORASCU
79237,20,GORJ,14,C,BRANESTI
78016,20,GORJ,14,C,DRAGUTESTI
79362,20,GORJ,14,C,BUMBESTI PITIC
79406,20,GORJ,14,C,BUSTUCHIN
79497,20,GORJ,14,C,CAPRENI
79585,20,GORJ,14,C,CATUNELE
79656,20,GORJ,14,C,CIUPERCENI
79736,20,GORJ,14,C,CILNIC
79834,20,GORJ,14,C,CRASNA
79932,20,GORJ,14,C,CRUSET
80043,20,GORJ,14,C,DANCIULESTI
80123,20,GORJ,14,C,DANESTI
80249,20,GORJ,14,C,DRAGOTESTI
80285,20,GORJ,14,C,FARCASESTI
80365,20,GORJ,14,C,GLOGOVA
80427,20,GORJ,14,C,GODINESTI
80506,20,GORJ,14,C,HUREZANI
80560,20,GORJ,14,C,IONESTI
80613,20,GORJ,14,C,JUPINESTI
80677,20,GORJ,14,C,LELESTI
80711,20,GORJ,14,C,LICURICI
80766,20,GORJ,14,C,LOGRESTI
80846,20,GORJ,14,C,MATASARI
80908,20,GORJ,14,C,MUSETESTI
80980,20,GORJ,14,C,NEGOMIR
81095,20,GORJ,14,C,PADES
81184,20,GORJ,14,C,PESTISANI
81380,20,GORJ,14,C,POLOVRAGI
81264,20,GORJ,14,C,PLOPSORU
81415,20,GORJ,14,C,PRIGORIA
81497,20,GORJ,14,C,ROSIA DE AMARADIA
81576,20,GORJ,14,C,RUNCU
81656,20,GORJ,14,C,SAMARINESTI
81754,20,GORJ,14,C,SACELU
81816,20,GORJ,14,C,SAULESTI
81861,20,GORJ,14,C,SCOARTA
81987,20,GORJ,14,C,SCHELA
82047,20,GORJ,14,C,SLIVILESTI
82136,20,GORJ,14,C,STANESTI
82243,20,GORJ,14,C,STEJARI
82314,20,GORJ,14,C,STOINA
82396,20,GORJ,14,C,TELESTI
82555,20,GORJ,14,C,TURBUREA
82680,20,GORJ,14,C,TINTARENI
82733,20,GORJ,14,C,URDARI
82779,20,GORJ,14,C,VAGIULESTI
82831,20,GORJ,14,C,VLADIMIR
77910,20,GORJ,14,C,BALESTI
78089,20,GORJ,14,C,TURCINESTI
190,21,HARGHITA,11,CJ,CONSILIUL JUDETEAN
83320,21,HARGHITA,12,M,Miercurea-Ciuc
83133,21,HARGHITA,12,M,Odorheiu-Secuiesc
83632,21,HARGHITA,12,M,Topliţa
83561,21,HARGHITA,12,M,Gheorgheni
83428,21,HARGHITA,13,O,Băile-Tuşnad
83464,21,HARGHITA,13,O,Bălan
83491,21,HARGHITA,13,O,Borsec
83525,21,HARGHITA,13,O,Cristuru-Secuiesc
83749,21,HARGHITA,13,O,Vlăhiţa
83785,21,HARGHITA,14,C,Atid
83847,21,HARGHITA,14,C,Avrămeşti
83936,21,HARGHITA,14,C,Bilbor
83151,21,HARGHITA,14,C,Brădeşti
83963,21,HARGHITA,14,C,Căpâlniţa
86461,21,HARGHITA,14,C,Ciceu
83981,21,HARGHITA,14,C,Ciucsângeorgiu
84086,21,HARGHITA,14,C,Ciumani
84102,21,HARGHITA,14,C,Cârţa
84148,21,HARGHITA,14,C,Corbu
84175,21,HARGHITA,14,C,Corund
86446,21,HARGHITA,14,C,Cozmeni
84237,21,HARGHITA,14,C,Dăneşti
84264,21,HARGHITA,14,C,Dealu
84344,21,HARGHITA,14,C,Ditrău
84380,21,HARGHITA,14,C,Dârjiu
83197,21,HARGHITA,14,C,Feliceni
84415,21,HARGHITA,14,C,Frumoasa
84460,21,HARGHITA,14,C,Gălăuţaş
84558,21,HARGHITA,14,C,Joseni
84594,21,HARGHITA,14,C,Lăzarea
86479,21,HARGHITA,14,C,Leliceni
84629,21,HARGHITA,14,C,Lueta
84656,21,HARGHITA,14,C,Lunca de Jos
84754,21,HARGHITA,14,C,Lunca de Sus
84825,21,HARGHITA,14,C,Lupeni
86438,21,HARGHITA,14,C,Mădăraş
84923,21,HARGHITA,14,C,Mărtiniş
85056,21,HARGHITA,14,C,Mereşti
85074,21,HARGHITA,14,C,Mihăileni
85127,21,HARGHITA,14,C,Mugeni
85243,21,HARGHITA,14,C,Ocland
83375,21,HARGHITA,14,C,Păuleni-Ciuc
85289,21,HARGHITA,14,C,Plăieşii de Jos
86487,21,HARGHITA,14,C,Porumbeni
85341,21,HARGHITA,14,C,Praid
86495,21,HARGHITA,14,C,Racu
85412,21,HARGHITA,14,C,Remetea
86501,21,HARGHITA,14,C,Satu-Mare
85467,21,HARGHITA,14,C,Săcel
85528,21,HARGHITA,14,C,Sărmaş
85582,21,HARGHITA,14,C,Secuieni
85626,21,HARGHITA,14,C,Siculeni
85680,21,HARGHITA,14,C,Sâncrăieni
85760,21,HARGHITA,14,C,Sândominic
85788,21,HARGHITA,14,C,Sânmartin
85840,21,HARGHITA,14,C,Sânsimion
86519,21,HARGHITA,14,C,Sântimbru
85877,21,HARGHITA,14,C,Subcetate
85920,21,HARGHITA,14,C,Suseni
85984,21,HARGHITA,14,C,Şimoneşti
86453,21,HARGHITA,14,C,Tomeşti
86133,21,HARGHITA,14,C,Tulgheş
86188,21,HARGHITA,14,C,Tuşnad
86222,21,HARGHITA,14,C,Ulieş
86311,21,HARGHITA,14,C,Vărşag
86339,21,HARGHITA,14,C,Voşlobeni
86366,21,HARGHITA,14,C,Zetea
207,22,HUNEDOARA,11,CJ,CONSILIUL JUDETEAN
86687,22,HUNEDOARA,12,M,DEVA
87291,22,HUNEDOARA,12,M,BRAD
86810,22,HUNEDOARA,12,M,HUNEDOARA
87059,22,HUNEDOARA,12,M,LUPENI
87638,22,HUNEDOARA,12,M,ORASTIE
86990,22,HUNEDOARA,12,M,PETROSANI
87175,22,HUNEDOARA,12,M,VULCAN
87219,22,HUNEDOARA,13,O,ANINOASA
87424,22,HUNEDOARA,13,O,CALAN
89561,22,HUNEDOARA,13,O,GEOAGIU
87576,22,HUNEDOARA,13,O,HATEG
87077,22,HUNEDOARA,13,O,PETRILA
87665,22,HUNEDOARA,13,O,SIMERIA
87139,22,HUNEDOARA,13,O,URICANI
87745,22,HUNEDOARA,14,C,BAIA DE CRIS
87843,22,HUNEDOARA,14,C,BALSA
87996,22,HUNEDOARA,14,C,BARU MARE
88047,22,HUNEDOARA,14,C,BACIA
88092,22,HUNEDOARA,14,C,BAITA
87246,22,HUNEDOARA,14,C,BANITA
88216,22,HUNEDOARA,14,C,BATRANA
88261,22,HUNEDOARA,14,C,BERIU
88350,22,HUNEDOARA,14,C,BLAJENI
88449,22,HUNEDOARA,14,C,BOSOROD
88546,22,HUNEDOARA,14,C,BRANISCA
88644,22,HUNEDOARA,14,C,BRETEA ROMANA
88788,22,HUNEDOARA,14,C,BUCES
88868,22,HUNEDOARA,14,C,BUCURESCI
88920,22,HUNEDOARA,14,C,BULZESTI
89026,22,HUNEDOARA,14,C,BUNILA
89080,22,HUNEDOARA,14,C,BURJUC
89151,22,HUNEDOARA,14,C,CERBAL
89240,22,HUNEDOARA,14,C,CERTEJUL DE SUS
86749,22,HUNEDOARA,14,C,CARJITI
87362,22,HUNEDOARA,14,C,CRISCIOR
89348,22,HUNEDOARA,14,C,DENSUS
89428,22,HUNEDOARA,14,C,DOBRA
91731,22,HUNEDOARA,14,C,GENERAL BERTHELOT
86883,22,HUNEDOARA,14,C,GHELARI
89687,22,HUNEDOARA,14,C,GURASADA
89801,22,HUNEDOARA,14,C,HARAU
89856,22,HUNEDOARA,14,C,ILIA
89954,22,HUNEDOARA,14,C,LAPUGIU DE SUS
90066,22,HUNEDOARA,14,C,LELESE
90119,22,HUNEDOARA,14,C,LUNCA CERNII
90208,22,HUNEDOARA,14,C,LUNCOIUL DE JOS
90262,22,HUNEDOARA,14,C,MARTINESTI
90342,22,HUNEDOARA,14,C,ORASTIOARA DE SUS
90431,22,HUNEDOARA,14,C,PESTISU MIC
90538,22,HUNEDOARA,14,C,PUI
90663,22,HUNEDOARA,14,C,RAPOLTU MARE
90725,22,HUNEDOARA,14,C,RACHITOVA
90805,22,HUNEDOARA,14,C,RIBITA
90878,22,HUNEDOARA,14,C,RIU DE MORI
90994,22,HUNEDOARA,14,C,ROMOS
91054,22,HUNEDOARA,14,C,SARMISEGETUSA
91116,22,HUNEDOARA,14,C,SALASU DE SUS
91232,22,HUNEDOARA,14,C,SINTAMARIA ORLEA
91330,22,HUNEDOARA,14,C,SOIMUS
86936,22,HUNEDOARA,14,C,TELIUC
91447,22,HUNEDOARA,14,C,TOMESTI
91535,22,HUNEDOARA,14,C,TOPLITA
91624,22,HUNEDOARA,14,C,TOTESTI
91688,22,HUNEDOARA,14,C,TURDAS
91795,22,HUNEDOARA,14,C,VATA DE JOS
91937,22,HUNEDOARA,14,C,VALISOARA
91982,22,HUNEDOARA,14,C,VETEL
92097,22,HUNEDOARA,14,C,VORTA
92177,22,HUNEDOARA,14,C,ZAM
216,23,IALOMITA,11,CJ,CONSILIUL JUDETEAN
92658,23,IALOMITA,12,M,MUN. SLOBOZIA
100683,23,IALOMITA,12,M,MUN. URZICENI
92701,23,IALOMITA,12,M,MUN. FETESTI
92765,23,IALOMITA,13,O,ORAS TANDAREI
92836,23,IALOMITA,13,O,ORAS AMARA
102749,23,IALOMITA,13,O,ORAS FIERBINTI TARG
93067,23,IALOMITA,13,O,ORAS CAZANESTI
100754,23,IALOMITA,14,C,ADANCATA
92783,23,IALOMITA,14,C,ALBESTI
100852,23,IALOMITA,14,C,ALEXENI
179793,23,IALOMITA,14,C,BUIESTI
92872,23,IALOMITA,14,C,ANDRASESTI
100870,23,IALOMITA,14,C,ARMASESTI
100923,23,IALOMITA,14,C,AXINTELE
92907,23,IALOMITA,14,C,BALACIU
101056,23,IALOMITA,14,C,BARCANESTI
92989,23,IALOMITA,14,C,BORDUSANI
101243,23,IALOMITA,14,C,BRAZII
93021,23,IALOMITA,14,C,BUCU
179971,23,IALOMITA,14,C,COLELIA
100709,23,IALOMITA,14,C,CIOCARLIA
93101,23,IALOMITA,14,C,CIOCHINA
93156,23,IALOMITA,14,C,CIULNITA
93209,23,IALOMITA,14,C,COCORA
93236,23,IALOMITA,14,C,COSAMBESTI
102240,23,IALOMITA,14,C,COSERENI
102641,23,IALOMITA,14,C,DRAGOESTI
102703,23,IALOMITA,14,C,DRIDU
93575,23,IALOMITA,14,C,FACAENI
179800,23,IALOMITA,14,C,MAIA
93646,23,IALOMITA,14,C,GIURGENI
93600,23,IALOMITA,14,C,GHEORGHE DOJA
93628,23,IALOMITA,14,C,GHEORGHE LAZAR
103283,23,IALOMITA,14,C,GARBOVI
93717,23,IALOMITA,14,C,GRINDU
93735,23,IALOMITA,14,C,GRIVITA
103862,23,IALOMITA,14,C,ION ROATA
103960,23,IALOMITA,14,C,JILAVELE
100736,23,IALOMITA,14,C,MANASIA
94045,23,IALOMITA,14,C,MILOSESTI
93995,23,IALOMITA,14,C,M. KOGALN.
94081,23,IALOMITA,14,C,MOVILA
104270,23,IALOMITA,14,C,MOVILITA
94107,23,IALOMITA,14,C,M. BUZAU
94161,23,IALOMITA,14,C,PERIETI
94269,23,IALOMITA,14,C,REVIGA
94330,23,IALOMITA,14,C,SALCIOARA
94376,23,IALOMITA,14,C,SAVENI
94429,23,IALOMITA,14,C,SCANTEIA
94456,23,IALOMITA,14,C,SFANTUL GHEORGHE
105026,23,IALOMITA,14,C,SINESTI
94492,23,IALOMITA,14,C,STELNICA
94535,23,IALOMITA,14,C,SUDITI
94688,23,IALOMITA,14,C,VALEA CIORII
105794,23,IALOMITA,14,C,VALEA MACRISULUI
94795,23,IALOMITA,14,C,VLADENI
179702,23,IALOMITA,14,C,TRAIAN
179819,23,IALOMITA,14,C,OGRADA
179784,23,IALOMITA,14,C,BORANESTI
179828,23,IALOMITA,14,C,ROSIORI
179999,23,IALOMITA,14,C,MOLDOVENI
180019,23,IALOMITA,14,C,SARATENI
180000,23,IALOMITA,14,C,PLATONESTI
179980,23,IALOMITA,14,C,MARCULESTI
180046,23,IALOMITA,14,C,GURA IALOMITEI
180064,23,IALOMITA,14,C,BARBULESTI
225,24,IASI,11,CJ,CONSILIUL JUDETEAN
95060,24,IASI,12,M,MUNICIPIUL IASI
95391,24,IASI,12,M,MUNICIPIUL PASCANI
95355,24,IASI,13,O,ORAS HARLAU
95471,24,IASI,13,O,ORAS TARGU FRUMOS
98373,24,IASI,13,O,ORAS PODU ILOAIE
95612,24,IASI,14,C,Comuna ALEX. I. CUZA
95667,24,IASI,14,C,Comuna ANDRIESENI
95747,24,IASI,14,C,Comuna ARONEANU
100273,24,IASI,14,C,Comuna BALS
95792,24,IASI,14,C,Comuna BALTATI
95872,24,IASI,14,C,Comuna BELCESTI
95943,24,IASI,14,C,Comuna BIVOLARI
95088,24,IASI,14,C,Comuna BIRNOVA
96003,24,IASI,14,C,UNGHENI (FOST BOSIA)
96058,24,IASI,14,C,Comuna BRAESTI
96110,24,IASI,14,C,Comuna BUTEA
96147,24,IASI,14,C,Comuna CEPLENITA
100362,24,IASI,14,C,Comuna CIOHORANI
96192,24,IASI,14,C,Comuna CIORTESTI
96254,24,IASI,14,C,Comuna CIUREA
96334,24,IASI,14,C,Comuna COARNELE CAPREI
96370,24,IASI,14,C,Comuna COMARNA
100282,24,IASI,14,C,Comuna COSTESTI
96423,24,IASI,14,C,Comuna COSTULENI
96478,24,IASI,14,C,Comuna COTNARI
96593,24,IASI,14,C,Comuna COZMESTI
96637,24,IASI,14,C,Comuna CRISTESTI
96664,24,IASI,14,C,Comuna CUCUTENI
96717,24,IASI,14,C,Comuna DAGITA
96815,24,IASI,14,C,Comuna DELENI
96888,24,IASI,14,C,Comuna DOBROVAT
96904,24,IASI,14,C,Comuna DOLHESTI
100308,24,IASI,14,C,Comuna DRAGUSENI
96940,24,IASI,14,C,Comuna DUMESTI
97009,24,IASI,14,C,Comuna ERBICENI
100317,24,IASI,14,C,Comuna FANTANELE
97063,24,IASI,14,C,Comuna FOCURI
97090,24,IASI,14,C,Comuna GOLAESTI
97189,24,IASI,14,C,Comuna GORBAN
97241,24,IASI,14,C,Comuna GRAJDURI
97321,24,IASI,14,C,Comuna GROPNITA
97394,24,IASI,14,C,Comuna GROZESTI
97438,24,IASI,14,C,Comuna HALAUCESTI
100326,24,IASI,14,C,Comuna HARMANESTI
97465,24,IASI,14,C,Comuna HELESTENI
95159,24,IASI,14,C,Comuna HOLBOCA
97517,24,IASI,14,C,Comuna HORLESTI
97553,24,IASI,14,C,Comuna IPATELE
97606,24,IASI,14,C,Comuna LESPEZI
97679,24,IASI,14,C,Comuna LETCANI
97722,24,IASI,14,C,Comuna LUNGANI
97777,24,IASI,14,C,Comuna MADARJAC
97811,24,IASI,14,C,Comuna MIRCESTI
97875,24,IASI,14,C,Comuna MIRONEASA
97919,24,IASI,14,C,Comuna MIROSLAVA
98051,24,IASI,14,C,Comuna MIROSLOVESTI
98113,24,IASI,14,C,Comuna MOGOSESTI-IASI
98168,24,IASI,14,C,Comuna MOGOSESTI - SIRET
98202,24,IASI,14,C,Comuna MOSNA
98220,24,IASI,14,C,Comuna MOTCA
98257,24,IASI,14,C,Comuna MOVILENI
98300,24,IASI,14,C,Comuna OTELENI
98337,24,IASI,14,C,Comuna PLUGARI
98435,24,IASI,14,C,Comuna POPESTI
98505,24,IASI,14,C,Comuna POPRICANI
98603,24,IASI,14,C,Comuna PRISACANI
98649,24,IASI,14,C,Comuna PROBOTA
100335,24,IASI,14,C,Comuna RACHITENI
98685,24,IASI,14,C,Comuna RADUCANENI
95239,24,IASI,14,C,Comuna REDIU
98738,24,IASI,14,C,Comuna ROMANESTI
100344,24,IASI,14,C,Comuna ROSCANI
98774,24,IASI,14,C,Comuna RUGINOASA
98827,24,IASI,14,C,Comuna SCHITU-DUCA
98916,24,IASI,14,C,Comuna SCINTEIA
98998,24,IASI,14,C,Comuna SCOBINTI
99058,24,IASI,14,C,Comuna SINESTI
99101,24,IASI,14,C,Comuna SIRETEL
99165,24,IASI,14,C,Comuna STOLNICENI-PRAJESCU
99209,24,IASI,14,C,Comuna STRUNGA
99290,24,IASI,14,C,Comuna SCHEIA
99370,24,IASI,14,C,Comuna SIPOTE
99441,24,IASI,14,C,Comuna TANSA
99478,24,IASI,14,C,Comuna TATARUSI
95499,24,IASI,14,C,ION NECULCE (FOST TIRGU FRUMOS)
99539,24,IASI,14,C,Comuna TODIRESTI
95293,24,IASI,14,C,Comuna TOMESTI
99600,24,IASI,14,C,Comuna TRIFESTI
99673,24,IASI,14,C,Comuna TIBANA
99780,24,IASI,14,C,Comuna TIBANESTI
99879,24,IASI,14,C,Comuna TIGANASI
99922,24,IASI,14,C,Comuna TUTORA
100353,24,IASI,14,C,Comuna VALEA LUPULUI
99968,24,IASI,14,C,Comuna VALEA-SEACA
100004,24,IASI,14,C,Comuna VICTORIA
100086,24,IASI,14,C,Comuna VINATORI
100148,24,IASI,14,C,Comuna VLADENI
100219,24,IASI,14,C,Comuna VOINESTI
234,25,ILFOV,11,CJ,CONSILIUL JUDETEAN
179221,25,ILFOV,13,O,BRAGADIRU
100576,25,ILFOV,13,O,BUFTEA
179285,25,ILFOV,13,O,CHITILA
179409,25,ILFOV,13,O,MAGURELE
179481,25,ILFOV,13,O,OTOPENI
179515,25,ILFOV,13,O,PANTELIMON
179533,25,ILFOV,13,O,POPESTI
179551,25,ILFOV,13,O,VOLUNTARI
100834,25,ILFOV,14,C,AFUMATI
100969,25,ILFOV,14,C,BALOTESTI
101145,25,ILFOV,14,C,BERCENI
101298,25,ILFOV,14,C,BRANESTI
101742,25,ILFOV,14,C,CERNICA
179249,25,ILFOV,14,C,CHIAJNA
101902,25,ILFOV,14,C,CIOLPANI
101957,25,ILFOV,14,C,CIOROGARLA
102035,25,ILFOV,14,C,CLINCENI
102160,25,ILFOV,14,C,CORBEANCA
102213,25,ILFOV,14,C,CORNETU
179588,25,ILFOV,14,C,COPACENI
102473,25,ILFOV,14,C,DASCALU
102525,25,ILFOV,14,C,DARASTI
102543,25,ILFOV,14,C,I DECEMBRIE
179310,25,ILFOV,14,C,DOBROESTI
102570,25,ILFOV,14,C,DOMNESTI
102605,25,ILFOV,14,C,DRAGOMIRESTI
103130,25,ILFOV,14,C,GANEASA
179347,25,ILFOV,14,C,GLINA
103443,25,ILFOV,14,C,GRADISTEA
103513,25,ILFOV,14,C,GRUIU
179383,25,ILFOV,14,C,JILAVA
104243,25,ILFOV,14,C,MOARA VLASIEI
179463,25,ILFOV,14,C,MOGOSOAIA
104421,25,ILFOV,14,C,NUCI
104546,25,ILFOV,14,C,PERIS
104582,25,ILFOV,14,C,PETRECHIOAIA
105160,25,ILFOV,14,C,SNAGOV
105419,25,ILFOV,14,C,STEFANESTI
105570,25,ILFOV,14,C,TUNARI
105936,25,ILFOV,14,C,VIDRA
243,26,MARAMURES,11,CJ,CONSILIUL JUDETEAN
106318,26,MARAMURES,12,M,BAIA MARE
106559,26,MARAMURES,12,M,SIGHETU MARMATIEI
106684,26,MARAMURES,13,O,BAIA SPRIE
106746,26,MARAMURES,13,O,BORSA
106782,26,MARAMURES,13,O,CAVNIC
108963,26,MARAMURES,13,O,SEINI
106817,26,MARAMURES,13,O,TARGU LAPUS
106979,26,MARAMURES,13,O,VISEU DE SUS
108017,26,MARAMURES,13,O,DRAGOMIRESTI
108892,26,MARAMURES,13,O,SALISTEA DE SUS
109176,26,MARAMURES,13,O,SOMCUTA MARE
109265,26,MARAMURES,13,O,ULMENI
106461,26,MARAMURES,13,O,TAUTII MAGHERAUS
107001,26,MARAMURES,14,C,ARDUSAT
107047,26,MARAMURES,14,C,ARINIS
107083,26,MARAMURES,14,C,ASUAJU DE SUS
107118,26,MARAMURES,14,C,BAITA DE SUB CODRU
107154,26,MARAMURES,14,C,BAIUT
107190,26,MARAMURES,14,C,BASESTI
107234,26,MARAMURES,14,C,BICAZ
107270,26,MARAMURES,14,C,BISTRA
107314,26,MARAMURES,14,C,BIRSANA
107350,26,MARAMURES,14,C,BOCICOIU MARE
107403,26,MARAMURES,14,C,BOGDAN VODA
107430,26,MARAMURES,14,C,BOIU MARE
107485,26,MARAMURES,14,C,BOTIZA
107519,26,MARAMURES,14,C,BUDESTI
107546,26,MARAMURES,14,C,CALINESTI
107582,26,MARAMURES,14,C,CERNESTI
107662,26,MARAMURES,14,C,CICARLAU
107715,26,MARAMURES,14,C,CAMPULUNG LA TISA
107733,26,MARAMURES,14,C,COPALNIC MANASTUR
107868,26,MARAMURES,14,C,COROIENI
107920,26,MARAMURES,14,C,CUPSENI
107975,26,MARAMURES,14,C,DESESTI
108035,26,MARAMURES,14,C,DUMBRAVITA
108106,26,MARAMURES,14,C,FARCASA
108151,26,MARAMURES,14,C,GIULESTI
108204,26,MARAMURES,14,C,IEUD
108222,26,MARAMURES,14,C,LAPUS
108240,26,MARAMURES,14,C,LEORDINA
108268,26,MARAMURES,14,C,MIRESU MARE
108348,26,MARAMURES,14,C,MOISEI
108366,26,MARAMURES,14,C,OARTA DE JOS
108400,26,MARAMURES,14,C,OCNA SUGATAG
108455,26,MARAMURES,14,C,PETROVA
108473,26,MARAMURES,14,C,POIENILE DE SUB MUNTE
108491,26,MARAMURES,14,C,REMETEA CHIOARULUI
108552,26,MARAMURES,14,C,REMETI
108598,26,MARAMURES,14,C,REPEDEA
108614,26,MARAMURES,14,C,RONA DE JOS
108632,26,MARAMURES,14,C,RONA DE SUS
108669,26,MARAMURES,14,C,ROZAVLEA
108696,26,MARAMURES,14,C,RUSCOVA
108712,26,MARAMURES,14,C,SATULUNG
108794,26,MARAMURES,14,C,SACALASENI
108874,26,MARAMURES,14,C,SACEL
108918,26,MARAMURES,14,C,SALSIG
108945,26,MARAMURES,14,C,SAPANTA
109005,26,MARAMURES,14,C,STRAMTURA
109041,26,MARAMURES,14,C,SUCIU DE SUS
109096,26,MARAMURES,14,C,SISESTI
109354,26,MARAMURES,14,C,VALEA CHIOARULUI
109425,26,MARAMURES,14,C,VIMA MICA
109504,26,MARAMURES,14,C,VISEU DE JOS
106363,26,MARAMURES,14,C,GROSI
106407,26,MARAMURES,14,C,RECEA
106620,26,MARAMURES,14,C,SARASAU
106648,26,MARAMURES,14,C,VADU IZEI
179604,26,MARAMURES,14,C,POIENILE IZEI
179613,26,MARAMURES,14,C,SIEU
179622,26,MARAMURES,14,C,GROSII TIBLESULUI
179837,26,MARAMURES,14,C,COAS
179846,26,MARAMURES,14,C,COLTAU
179855,26,MARAMURES,14,C,GARDANI
179864,26,MARAMURES,14,C,ONCESTI
252,27,MEHEDINTI,11,CJ,CONSILIUL JUDETEAN
109773,27,MEHEDINTI,12,M,MUNICIPIU DR.TR.SEVERIN
110063,27,MEHEDINTI,12,M,MUNICIPIU ORSOVA
109924,27,MEHEDINTI,13,O,BAIA DE ARAMA
110116,27,MEHEDINTI,13,O,STREHAIA
110232,27,MEHEDINTI,13,O,VANJU MARE
110296,27,MEHEDINTI,14,C,BALA
110535,27,MEHEDINTI,14,C,BALACITA
110456,27,MEHEDINTI,14,C,BALTA
110571,27,MEHEDINTI,14,C,BACLES
110688,27,MEHEDINTI,14,C,BALVANESTI
110740,27,MEHEDINTI,14,C,BREZNITA MOTRU
110820,27,MEHEDINTI,14,C,BREZNITA OCOL
110875,27,MEHEDINTI,14,C,BROSTENI
110946,27,MEHEDINTI,14,C,BURILA MARE
111006,27,MEHEDINTI,14,C,BUTOIESTI
111097,27,MEHEDINTI,14,C,CAZANESTI
111220,27,MEHEDINTI,14,C,CIRESU
111275,27,MEHEDINTI,14,C,CORCOVA
111417,27,MEHEDINTI,14,C,CORLATEL
111444,27,MEHEDINTI,14,C,CUJMIR
111480,27,MEHEDINTI,14,C,DEVESEL
111550,27,MEHEDINTI,14,C,DARVARI
112904,27,MEHEDINTI,14,C,DUBOVA
111587,27,MEHEDINTI,14,C,DUMBRAVA
111685,27,MEHEDINTI,14,C,FLORESTI
111783,27,MEHEDINTI,14,C,GARLA MARE
111818,27,MEHEDINTI,14,C,GODEANU
111863,27,MEHEDINTI,14,C,GOGOSU
111916,27,MEHEDINTI,14,C,GRECI
111989,27,MEHEDINTI,14,C,GROZESTI
112030,27,MEHEDINTI,14,C,GRUIA
112076,27,MEHEDINTI,14,C,HINOVA
112129,27,MEHEDINTI,14,C,HUSNICIOARA
112245,27,MEHEDINTI,14,C,ESELNITA
112263,27,MEHEDINTI,14,C,ILOVAT
112334,27,MEHEDINTI,14,C,ILOVITA
112370,27,MEHEDINTI,14,C,ISVERNA
112469,27,MEHEDINTI,14,C,IZVORU BARZII
112548,27,MEHEDINTI,14,C,JIANA
112600,27,MEHEDINTI,14,C,LIVEZILE
112664,27,MEHEDINTI,14,C,MALOVAT
110027,27,MEHEDINTI,14,C,OBARSIA CLOSANI
112744,27,MEHEDINTI,14,C,OBARSIA CAMP
112771,27,MEHEDINTI,14,C,OPRISOR
112806,27,MEHEDINTI,14,C,PADINA
112879,27,MEHEDINTI,14,C,PATULELE
112959,27,MEHEDINTI,14,C,PODENI
112995,27,MEHEDINTI,14,C,PONOARE
113153,27,MEHEDINTI,14,C,POROINA MARE
113206,27,MEHEDINTI,14,C,PRISTOL
113233,27,MEHEDINTI,14,C,PRUNISOR
113395,27,MEHEDINTI,14,C,PUNGHINA
113466,27,MEHEDINTI,14,C,ROGOVA
113493,27,MEHEDINTI,14,C,SALCIA
109826,27,MEHEDINTI,14,C,SIMIAN
113625,27,MEHEDINTI,14,C,SISESTI
113698,27,MEHEDINTI,14,C,SOVARNA
113518,27,MEHEDINTI,14,C,STANGACEAUA
113607,27,MEHEDINTI,14,C,SVINITA
113732,27,MEHEDINTI,14,C,TAMNA
113849,27,MEHEDINTI,14,C,VANATORI
113894,27,MEHEDINTI,14,C,VANJULET
113929,27,MEHEDINTI,14,C,VLADAIA
113974,27,MEHEDINTI,14,C,VOLOIAC
114060,27,MEHEDINTI,14,C,BRANISTE
114079,27,MEHEDINTI,14,C,VRATA
261,28,MURES,11,CJ,CONSILIUL JUDETEAN
114319,28,MURES,12,M,TIRGU MURES
114514,28,MURES,12,M,SIGHISOARA
114809,28,MURES,12,M,REGHIN
114925,28,MURES,12,M,TIRNAVENI
117827,28,MURES,13,O,IERNUT
114710,28,MURES,13,O,LUDUS
114854,28,MURES,13,O,SOVATA
118281,28,MURES,13,O,MIERCUREA NIRAJ
119242,28,MURES,13,O,SARMASU
119331,28,MURES,13,O,SINGEORGIU DE PADURE
119894,28,MURES,13,O,UNGHENI
114970,28,MURES,14,C,ACATARI
115076,28,MURES,14,C,ADAMUS
114603,28,MURES,14,C,ALBESTI
115147,28,MURES,14,C,ALUNIS
115183,28,MURES,14,C,APOLD
115236,28,MURES,14,C,ATINTIS
115307,28,MURES,14,C,BAHNEA
115389,28,MURES,14,C,BAND
115520,28,MURES,14,C,BATOS
115575,28,MURES,14,C,BAGACIU
115600,28,MURES,14,C,BALA
115637,28,MURES,14,C,BALAUSERI
115708,28,MURES,14,C,BEICA DE JOS
115771,28,MURES,14,C,BICHIS
115824,28,MURES,14,C,BOGATA
115851,28,MURES,14,C,BREAZA
115897,28,MURES,14,C,BRINCOVENESTI
115959,28,MURES,14,C,CEUASU DE CIMPIE
116046,28,MURES,14,C,CHETANI
116126,28,MURES,14,C,CHIHERU DE JOS
116171,28,MURES,14,C,COROISINMARTIN
116224,28,MURES,14,C,COZMA
116288,28,MURES,14,C,CRACIUNESTI
116340,28,MURES,14,C,CRAIESTI
114355,28,MURES,14,C,CRISTESTI
116395,28,MURES,14,C,CUCERDEA
116439,28,MURES,14,C,CUCI
116493,28,MURES,14,C,DANES
116545,28,MURES,14,C,DEDA
116590,28,MURES,14,C,EREMITU
116652,28,MURES,14,C,ERNEI
116723,28,MURES,14,C,FARAGAU
116796,28,MURES,14,C,FINTINELE
116867,28,MURES,14,C,GALESTI
116938,28,MURES,14,C,GANESTI
116983,28,MURES,14,C,GHEORGHE DOJA
117042,28,MURES,14,C,GHINDARI
117113,28,MURES,14,C,GLODENI
117177,28,MURES,14,C,GORNESTI
117275,28,MURES,14,C,GREBENISU DE CIMPIE
117319,28,MURES,14,C,GURGHIU
117426,28,MURES,14,C,HODAC
117505,28,MURES,14,C,HODOSA
117550,28,MURES,14,C,IBANESTI
117667,28,MURES,14,C,ICLANZEL
117783,28,MURES,14,C,IDECIU DE JOS
117925,28,MURES,14,C,LIVEZENI
117998,28,MURES,14,C,LUNCA
118058,28,MURES,14,C,LUNCA BRADULUI
118094,28,MURES,14,C,MAGHERANI
118209,28,MURES,14,C,MICA
120478,28,MURES,14,C,CHIBED
118370,28,MURES,14,C,MIHESU DE CIMPIE
118469,28,MURES,14,C,NADES
118511,28,MURES,14,C,NEAUA
118575,28,MURES,14,C,OGRA
118637,28,MURES,14,C,PAPIU ILARIAN
118691,28,MURES,14,C,PANET
118753,28,MURES,14,C,PASARENI
118799,28,MURES,14,C,PETELEA
118824,28,MURES,14,C,POGACEAUA
118931,28,MURES,14,C,RASTOLITA
118995,28,MURES,14,C,RICIU
119153,28,MURES,14,C,RUSII MUNTI
119206,28,MURES,14,C,SASCHIZ
114382,28,MURES,14,C,SINCRAIU DE MURES
114417,28,MURES,14,C,SINGEORGIU DE MURES
119386,28,MURES,14,C,SINGER
119466,28,MURES,14,C,SINPAUL
119527,28,MURES,14,C,SINPETRU DE CIMPIE
114453,28,MURES,14,C,SINTANA DE MURES
119590,28,MURES,14,C,SOLOVASTRU
119625,28,MURES,14,C,STINCENI
119661,28,MURES,14,C,SUPLAC
119723,28,MURES,14,C,SUSENI
119750,28,MURES,14,C,SAULIA
119803,28,MURES,14,C,SINCAI
119858,28,MURES,14,C,TAURENI
119974,28,MURES,14,C,VALEA LARGA
120076,28,MURES,14,C,VARGATA
120138,28,MURES,14,C,VATAVA
120174,28,MURES,14,C,VETCA
120218,28,MURES,14,C,VIISOARA
120254,28,MURES,14,C,VINATORI
120316,28,MURES,14,C,VOIVODENI
120343,28,MURES,14,C,ZAGAR
120370,28,MURES,14,C,ZAU DE CIMPIE
120511,28,MURES,14,C,BERENI
120487,28,MURES,14,C,CORUNCA
120502,28,MURES,14,C,MADARAS
120496,28,MURES,14,C,SARATENI
270,29,NEAMT,11,CJ,CONSILIUL JUDETEAN
120726,29,NEAMT,12,M,PIATRA NEAMT
120860,29,NEAMT,12,M,ROMAN
121055,29,NEAMT,13,O,TARGU NEAMT
120968,29,NEAMT,13,O,BICAZ
124117,29,NEAMT,13,O,ROZNOV
121108,29,NEAMT,14,C,AGAPIA
124938,29,NEAMT,14,C,ALEX CEL BUN
121153,29,NEAMT,14,C,BAHNA
121242,29,NEAMT,14,C,BALTATESTI
121386,29,NEAMT,14,C,BARA
121466,29,NEAMT,14,C,BARGAOANI
121297,29,NEAMT,14,C,BICAZ CHEI
121340,29,NEAMT,14,C,BICAZU ARDELEAN
121607,29,NEAMT,14,C,BODESTI
125178,29,NEAMT,14,C,BOGHICEA
121652,29,NEAMT,14,C,BORCA
121732,29,NEAMT,14,C,BORLESTI
121796,29,NEAMT,14,C,BOTESTI
121876,29,NEAMT,14,C,BOZIENI
121938,29,NEAMT,14,C,BRUSTURI
122061,29,NEAMT,14,C,CANDESTI
122025,29,NEAMT,14,C,CEAHLAU
120888,29,NEAMT,14,C,CORDUN
122132,29,NEAMT,14,C,COSTISA
122187,29,NEAMT,14,C,CRACAOANI
122249,29,NEAMT,14,C,DAMUC
122285,29,NEAMT,14,C,DOBRENI
125098,29,NEAMT,14,C,DOCHIA
122347,29,NEAMT,14,C,DOLJESTI
122392,29,NEAMT,14,C,DRAGOMIRESTI
125132,29,NEAMT,14,C,DRAGANESTI
122463,29,NEAMT,14,C,DULCESTI
120771,29,NEAMT,14,C,DUMBRAVA ROSIE
122551,29,NEAMT,14,C,FARCASA
122613,29,NEAMT,14,C,FAUREI
125150,29,NEAMT,14,C,GADINTI
122828,29,NEAMT,14,C,GARCINA
122668,29,NEAMT,14,C,GHERAIESTI
125114,29,NEAMT,14,C,GHINDAOANI
122702,29,NEAMT,14,C,GIROV
122864,29,NEAMT,14,C,GRINTIES
122908,29,NEAMT,14,C,GRUMAZESTI
122953,29,NEAMT,14,C,HANGU
120922,29,NEAMT,14,C,HORIA
123013,29,NEAMT,14,C,ICUSESTI
123102,29,NEAMT,14,C,ION CREANGA
123175,29,NEAMT,14,C,MARGINENI
123228,29,NEAMT,14,C,MOLDOVENI
125169,29,NEAMT,14,C,NEGRESTI
123255,29,NEAMT,14,C,ONICENI
123371,29,NEAMT,14,C,PASTRAVENI
125141,29,NEAMT,14,C,PANCESTI
123601,29,NEAMT,14,C,PANGARATI
123424,29,NEAMT,14,C,PETRICANI
123479,29,NEAMT,14,C,PIATRA SOIMULUI
123521,29,NEAMT,14,C,PIPIRIG
123674,29,NEAMT,14,C,PODOLENI
123790,29,NEAMT,14,C,POIANA TEIULUI
123709,29,NEAMT,14,C,POIENARI
123914,29,NEAMT,14,C,RAUCESTI
123969,29,NEAMT,14,C,RAZBOIENI
124028,29,NEAMT,14,C,REDIU
124073,29,NEAMT,14,C,ROMANI
125105,29,NEAMT,14,C,RUGINOASA
124153,29,NEAMT,14,C,SAGNA
124206,29,NEAMT,14,C,SABAOANI
120824,29,NEAMT,14,C,SAVINESTI
124233,29,NEAMT,14,C,SECUIENI
124331,29,NEAMT,14,C,STANITA
124411,29,NEAMT,14,C,ST CEL MARE
124493,29,NEAMT,14,C,TARCAU
124563,29,NEAMT,14,C,TASCA
124616,29,NEAMT,14,C,TAZLAU
124634,29,NEAMT,14,C,TAMASENI
124661,29,NEAMT,14,C,TIMISESTI
124723,29,NEAMT,14,C,TRIFESTI
124750,29,NEAMT,14,C,TUPILATI
124803,29,NEAMT,14,C,TIBUCANI
124849,29,NEAMT,14,C,URECHENI
124885,29,NEAMT,14,C,VALEA URSULUI
125123,29,NEAMT,14,C,VALENI
125016,29,NEAMT,14,C,VANATORI
125061,29,NEAMT,14,C,ZANESTI
289,30,OLT,11,CJ,CONSILIUL JUDETEAN
125472,30,OLT,12,M,Municipiul Caracal
125347,30,OLT,12,M,Municipiul Slatina
125418,30,OLT,13,O,Oras Bals
125542,30,OLT,13,O,Oras Corabia
125622,30,OLT,13,O,Oras Draganesti-Olt
128105,30,OLT,13,O,Oras Piatra-Olt
128374,30,OLT,13,O,Oras Potcoava
128711,30,OLT,13,O,Oras Scornicesti
125677,30,OLT,14,C,Comuna Baldovinesti
125659,30,OLT,14,C,Comuna Babiciu
130286,30,OLT,14,C,Comuna Balteni
125757,30,OLT,14,C,Comuna Barasti
125846,30,OLT,14,C,Comuna Barza
125873,30,OLT,14,C,Comuna Bobicesti
125962,30,OLT,14,C,Comuna Brastavatu
126022,30,OLT,14,C,Comuna Brancoveni
125999,30,OLT,14,C,Comuna Brebeni
126077,30,OLT,14,C,Comuna Bucinisu
130295,30,OLT,14,C,Comuna Calui
126166,30,OLT,14,C,Comuna Carlogani
126102,30,OLT,14,C,Comuna Cezieni
126148,30,OLT,14,C,Comuna Cilieni
126228,30,OLT,14,C,Comuna Colonesti
126326,30,OLT,14,C,Comuna Corbu
126380,30,OLT,14,C,Comuna Coteana
126406,30,OLT,14,C,Comuna Crampoia
126503,30,OLT,14,C,Comuna Cungrea
126433,30,OLT,14,C,Comuna Curtisoara
126585,30,OLT,14,C,Comuna Daneasa
126647,30,OLT,14,C,Comuna Deveselu
126674,30,OLT,14,C,Comuna Dobretu
126718,30,OLT,14,C,Comuna Dobrosloveni
126772,30,OLT,14,C,Comuna Dobroteasa
126825,30,OLT,14,C,Comuna Dobrun
125490,30,OLT,14,C,Comuna Draghiceni
126905,30,OLT,14,C,Comuna Fagetelu
126978,30,OLT,14,C,Comuna Falcoiu
127019,30,OLT,14,C,Comuna Farcasele
127064,30,OLT,14,C,Comuna Ganeasa
130302,30,OLT,14,C,Comuna Gavanesti
125588,30,OLT,14,C,Comuna Garcov
130311,30,OLT,14,C,Comuna Ghimpeteni
127126,30,OLT,14,C,Comuna Giuvarasti
127144,30,OLT,14,C,Comuna Gostavatu
127171,30,OLT,14,C,Comuna Gradinari
130320,30,OLT,14,C,Comuna Gradinile
127224,30,OLT,14,C,Comuna Grojdibodu
130339,30,OLT,14,C,Comuna Gura Padinii
127251,30,OLT,14,C,Comuna Ianca
127288,30,OLT,14,C,Comuna Iancu Jianu
127322,30,OLT,14,C,Comuna Icoana
130348,30,OLT,14,C,Comuna Ipotesti
127368,30,OLT,14,C,Comuna Izbiceni
127386,30,OLT,14,C,Comuna Izvoarele
127411,30,OLT,14,C,Comuna Leleasca
127493,30,OLT,14,C,Comuna Maruntei
127536,30,OLT,14,C,Comuna Mihaesti
127563,30,OLT,14,C,Comuna Milcov
127625,30,OLT,14,C,Comuna Morunglav
127689,30,OLT,14,C,Comuna Movileni
127714,30,OLT,14,C,Comuna N.Titulescu
127750,30,OLT,14,C,Comuna Obarsia
127812,30,OLT,14,C,Comuna Oboga
127858,30,OLT,14,C,Comuna Oporelu
127901,30,OLT,14,C,Comuna Optasi Magura
127938,30,OLT,14,C,Comuna Orlea
130357,30,OLT,14,C,Comuna Osica de Jos
127983,30,OLT,14,C,Comuna Osica de Sus
128178,30,OLT,14,C,Comuna Parscoveni
128052,30,OLT,14,C,Comuna Perieti
128221,30,OLT,14,C,Comuna Plesoiu
128301,30,OLT,14,C,Comuna Poboru
128436,30,OLT,14,C,Comuna Priseaca
128472,30,OLT,14,C,Comuna Radomiresti
128524,30,OLT,14,C,Comuna Redea
128560,30,OLT,14,C,Comuna Rotunda
128588,30,OLT,14,C,Comuna Rusanesti
128882,30,OLT,14,C,Comuna Samburesti
130366,30,OLT,14,C,Comuna Sarbii-Magura
128613,30,OLT,14,C,Comuna Scarisoara
128659,30,OLT,14,C,Comuna Schitu
128864,30,OLT,14,C,Comuna Seaca
125374,30,OLT,14,C,Comuna Slatioara
128962,30,OLT,14,C,Comuna Spineni
129040,30,OLT,14,C,Comuna Sprancenata
129095,30,OLT,14,C,Comuna Stoenesti
129111,30,OLT,14,C,Comuna Stoicanesti
129139,30,OLT,14,C,Comuna Strejesti
129184,30,OLT,14,C,Comuna Studina
129246,30,OLT,14,C,Comuna Serbanesti
130384,30,OLT,14,C,Comuna Soparlita
129282,30,OLT,14,C,Comuna Stefan cel Mare
129317,30,OLT,14,C,Comuna Tatulesti
129380,30,OLT,14,C,Comuna Teslui
129460,30,OLT,14,C,Comuna Tia Mare
129503,30,OLT,14,C,Comuna Topana
129567,30,OLT,14,C,Comuna Traian
129585,30,OLT,14,C,Comuna Tufeni
129629,30,OLT,14,C,Comuna Urzica
129656,30,OLT,14,C,Comuna Valea Mare
129718,30,OLT,14,C,Comuna Vadastra
129745,30,OLT,14,C,Comuna Vadastrita
129763,30,OLT,14,C,Comuna Valeni
129987,30,OLT,14,C,Comuna Valcele
129816,30,OLT,14,C,Comuna Verguleasa
129898,30,OLT,14,C,Comuna Visina
130375,30,OLT,14,C,Comuna Visina Noua
129914,30,OLT,14,C,Comuna Vitomiresti
130026,30,OLT,14,C,Comuna Vladila
130062,30,OLT,14,C,Comuna Voineasa
130124,30,OLT,14,C,Comuna Vulpeni
130231,30,OLT,14,C,Comuna Vulturesti
298,31,PRAHOVA,11,CJ,CONSILIUL JUDETEAN
131256,31,PRAHOVA,12,M,MUN. CAMPINA
130534,31,PRAHOVA,12,M,MUN. PLOIESTI
130954,31,PRAHOVA,13,O,AZUGA
130981,31,PRAHOVA,13,O,BAICOI
131069,31,PRAHOVA,13,O,BOLDESTI SCAIENI
131103,31,PRAHOVA,13,O,BREAZA
131210,31,PRAHOVA,13,O,BUSTENI
131336,31,PRAHOVA,13,O,COMARNIC
131407,31,PRAHOVA,13,O,MIZIL
131443,31,PRAHOVA,13,O,PLOPENI
131540,31,PRAHOVA,13,O,SINAIA
131577,31,PRAHOVA,13,O,SLANIC
131620,31,PRAHOVA,13,O,URLATI
131817,31,PRAHOVA,13,O,VALENII DE MUNTE
131899,31,PRAHOVA,14,C,ADUNATI
131933,31,PRAHOVA,14,C,ALBESTI PALEOLOGU
131988,31,PRAHOVA,14,C,ALUNIS
132011,31,PRAHOVA,14,C,APOSTOLACHE
132075,31,PRAHOVA,14,C,ARICESTI RAHTIVANI
132137,31,PRAHOVA,14,C,ARICESTI ZELETIN
132164,31,PRAHOVA,14,C,BABA ANA
132226,31,PRAHOVA,14,C,BALTA DOAMNEI
132271,31,PRAHOVA,14,C,BALTESTI
132315,31,PRAHOVA,14,C,BANESTI
130552,31,PRAHOVA,14,C,BARCANESTI
136278,31,PRAHOVA,14,C,BATRANI
132342,31,PRAHOVA,14,C,BERTEA
130614,31,PRAHOVA,14,C,BERCENI
132379,31,PRAHOVA,14,C,BOLDESTI GRADISTEA
130678,31,PRAHOVA,14,C,BLEJOI
132404,31,PRAHOVA,14,C,BREBU
130712,31,PRAHOVA,14,C,BRAZI
130785,31,PRAHOVA,14,C,BUCOV
132459,31,PRAHOVA,14,C,CALUGARENI
132486,31,PRAHOVA,14,C,CARBUNESTI
132510,31,PRAHOVA,14,C,CEPTURA
132574,31,PRAHOVA,14,C,CERASU
132645,31,PRAHOVA,14,C,CHIOJDEANCA
132681,31,PRAHOVA,14,C,CIORANI
136241,31,PRAHOVA,14,C,COCORASTI COLT
132716,31,PRAHOVA,14,C,COCORASTII MISLII
132752,31,PRAHOVA,14,C,COLCEAG
132805,31,PRAHOVA,14,C,CORNU
132841,31,PRAHOVA,14,C,COSMINELE
132896,31,PRAHOVA,14,C,DRAJNA
133018,31,PRAHOVA,14,C,DRAGANESTI
133090,31,PRAHOVA,14,C,DUMBRAVA
131461,31,PRAHOVA,14,C,DUMBRAVESTI
133161,31,PRAHOVA,14,C,FILIPESTII DE PADURE
133214,31,PRAHOVA,14,C,FILIPESTII DE TARG
133278,31,PRAHOVA,14,C,FANTANELE
133330,31,PRAHOVA,14,C,FLORESTI
133394,31,PRAHOVA,14,C,FULGA
133429,31,PRAHOVA,14,C,GHERGHITA
133508,31,PRAHOVA,14,C,GORGOTA
133562,31,PRAHOVA,14,C,GORNET
133615,31,PRAHOVA,14,C,GORNET CRICOV
133688,31,PRAHOVA,14,C,GURA VADULUI
131835,31,PRAHOVA,14,C,GURA VITIOAREI
133722,31,PRAHOVA,14,C,IORDACHEANU
133795,31,PRAHOVA,14,C,IZVOARELE
133866,31,PRAHOVA,14,C,JUGURENI
133919,31,PRAHOVA,14,C,LAPOS
133964,31,PRAHOVA,14,C,LIPANESTI
134014,31,PRAHOVA,14,C,MAGURELE
134050,31,PRAHOVA,14,C,MAGURENI
134096,31,PRAHOVA,14,C,MANECIU
134194,31,PRAHOVA,14,C,MANESTI
136250,31,PRAHOVA,14,C,OLARI
130847,31,PRAHOVA,14,C,PAULESTI
134336,31,PRAHOVA,14,C,PACURETI
134390,31,PRAHOVA,14,C,PLOPU
134443,31,PRAHOVA,14,C,PODENII NOI
134559,31,PRAHOVA,14,C,POIENARII BURCHI
131274,31,PRAHOVA,14,C,POIANA CAMPINA
134648,31,PRAHOVA,14,C,POSESTI
134755,31,PRAHOVA,14,C,PREDEAL SARARI
134853,31,PRAHOVA,14,C,PROVITA DE JOS
134899,31,PRAHOVA,14,C,PROVITA DE SUS
134942,31,PRAHOVA,14,C,PUCHENII MARI
135020,31,PRAHOVA,14,C,RAFOV
135128,31,PRAHOVA,14,C,SALCIA
135146,31,PRAHOVA,14,C,SALCIILE
135164,31,PRAHOVA,14,C,SCORTENI
135226,31,PRAHOVA,14,C,SECARIA
135244,31,PRAHOVA,14,C,SANGERU
135315,31,PRAHOVA,14,C,STARCHIOJD
135404,31,PRAHOVA,14,C,SURANI
135431,31,PRAHOVA,14,C,SIRNA
135501,31,PRAHOVA,14,C,SOIMARI
135547,31,PRAHOVA,14,C,SOTRILE
135618,31,PRAHOVA,14,C,STEFESTI
135654,31,PRAHOVA,14,C,TALEA
130892,31,PRAHOVA,14,C,TARGSORU VECHI
135681,31,PRAHOVA,14,C,TATARU
135725,31,PRAHOVA,14,C,TEISANI
135789,31,PRAHOVA,14,C,TELEGA
135850,31,PRAHOVA,14,C,TINOSU
135896,31,PRAHOVA,14,C,TOMSANI
136269,31,PRAHOVA,14,C,VADU SAPAT
135949,31,PRAHOVA,14,C,VALEA CALUGAREASCA
136107,31,PRAHOVA,14,C,VALEA DOFTANEI
136134,31,PRAHOVA,14,C,VARBILAU
136198,31,PRAHOVA,14,C,VALCANESTI
305,32,SATU MARE,11,CJ,CONSILIUL JUDETEAN
136483,32,SATU MARE,12,M,SATU MARE
136526,32,SATU MARE,12,M,CAREI
138039,32,SATU MARE,13,O,LIVADA
136642,32,SATU MARE,13,O,TASNAD
136848,32,SATU MARE,13,O,ARDUD
136599,32,SATU MARE,13,O,NEGRESTI
136713,32,SATU MARE,14,C,ACAS
179873,32,SATU MARE,14,C,AGRIS
136768,32,SATU MARE,14,C,ANDRID
136802,32,SATU MARE,14,C,APA
137103,32,SATU MARE,14,C,BARSAU
136919,32,SATU MARE,14,C,BATARCI
136964,32,SATU MARE,14,C,BELTIUG
137032,32,SATU MARE,14,C,BERVENI
137069,32,SATU MARE,14,C,BIXAD
137130,32,SATU MARE,14,C,BOGDAND
137185,32,SATU MARE,14,C,BOTIZ
137229,32,SATU MARE,14,C,CALINESTI
137274,32,SATU MARE,14,C,CAMARZANA
179677,32,SATU MARE,14,C,CAMIN
136553,32,SATU MARE,14,C,CAPLENI
137292,32,SATU MARE,14,C,CAUAS
137363,32,SATU MARE,14,C,CEHAL
137407,32,SATU MARE,14,C,CERTEZE
179882,32,SATU MARE,14,C,CIUMESTI
137443,32,SATU MARE,14,C,CRAIDOROLT
137504,32,SATU MARE,14,C,CRUCISOR
137540,32,SATU MARE,14,C,CULCIU
137611,32,SATU MARE,14,C,DOBA
137675,32,SATU MARE,14,C,DOROLT
137728,32,SATU MARE,14,C,FOIENI
137746,32,SATU MARE,14,C,GHERTA MICA
137764,32,SATU MARE,14,C,HALMEU
137844,32,SATU MARE,14,C,HODOD
137899,32,SATU MARE,14,C,HOMOROADE
137960,32,SATU MARE,14,C,LAZURI
138084,32,SATU MARE,14,C,MEDIESU AURIT
138164,32,SATU MARE,14,C,MICULA
138208,32,SATU MARE,14,C,MOFTIN
138280,32,SATU MARE,14,C,ODOREU
138351,32,SATU MARE,14,C,ORASU NOU
138431,32,SATU MARE,14,C,PAULESTI
138501,32,SATU MARE,14,C,PETRESTI
138538,32,SATU MARE,14,C,PIR
138574,32,SATU MARE,14,C,PISCOLT
138618,32,SATU MARE,14,C,POMI
180028,32,SATU MARE,14,C,PORUMBESTI
138404,32,SATU MARE,14,C,RACŞA
138770,32,SATU MARE,14,C,SACASENI
138663,32,SATU MARE,14,C,SANISLAU
138734,32,SATU MARE,14,C,SANTAU
138805,32,SATU MARE,14,C,SAUCA
138869,32,SATU MARE,14,C,SOCOND
138921,32,SATU MARE,14,C,SUPUR
139009,32,SATU MARE,14,C,TARNA MARE
139143,32,SATU MARE,14,C,TARSOLT
139054,32,SATU MARE,14,C,TEREBESTI
139107,32,SATU MARE,14,C,TIREAM
139170,32,SATU MARE,14,C,TURT
139214,32,SATU MARE,14,C,TURULUNG
139250,32,SATU MARE,14,C,URZICENI
139287,32,SATU MARE,14,C,VALEA VINULUI
139330,32,SATU MARE,14,C,VAMA
139358,32,SATU MARE,14,C,VETIS
139394,32,SATU MARE,14,C,VIILE SATU MARE
314,33,SALAJ,11,CJ,CONSILIUL JUDETEAN
139704,33,SALAJ,12,M,PRIMARIA ZALAU
139740,33,SALAJ,13,O,PRIMARIA CEHU SILVANIEI
139811,33,SALAJ,13,O,PRIMARIA JIBOU
139884,33,SALAJ,13,O,PRIMARIA SIMLEUL SILVANIEI
139937,33,SALAJ,14,C,PRIMARIA AGRIJ
139982,33,SALAJ,14,C,PRIMARIA ALMAS
140084,33,SALAJ,14,C,PRIMARIA BABENI
140146,33,SALAJ,14,C,PRIMARIA BALAN
140208,33,SALAJ,14,C,PRIMARIA BANISOR
140244,33,SALAJ,14,C,PRIMARIA BENESAT
140280,33,SALAJ,14,C,PRIMARIA BOBOTA
140324,33,SALAJ,14,C,PRIMARIA BOCSA
180037,33,SALAJ,14,C,PRIMARIA BOGHIS
140379,33,SALAJ,14,C,PRIMARIA BUCIUMI
140440,33,SALAJ,14,C,PRIMARIA CAMAR
140477,33,SALAJ,14,C,PRIMARIA CARASTELEC
140501,33,SALAJ,14,C,PRIMARIA CHIESD
140547,33,SALAJ,14,C,PRIMARIA CIZER
140583,33,SALAJ,14,C,PRIMARIA COSEIU
140627,33,SALAJ,14,C,PRIMARIA CRASNA
140672,33,SALAJ,14,C,PRIMARIA CREACA
140770,33,SALAJ,14,C,PRIMARIA CRISTOLT
140823,33,SALAJ,14,C,PRIMARIA CRISENI
140869,33,SALAJ,14,C,PRIMARIA CUZAPLAC
140958,33,SALAJ,14,C,PRIMARIA DOBRIN
141027,33,SALAJ,14,C,PRIMARIA DRAGU
141081,33,SALAJ,14,C,PRIMARIA FILDU DE JOS
141134,33,SALAJ,14,C,PRIMARIA GALGAU
141232,33,SALAJ,14,C,PRIMARIA GARBOU
141312,33,SALAJ,14,C,PRIMARIA HALMASD
141376,33,SALAJ,14,C,PRIMARIA HERECLEAN
141447,33,SALAJ,14,C,PRIMARIA HIDA
141535,33,SALAJ,14,C,PRIMARIA HOROATU CRASNEI
141580,33,SALAJ,14,C,PRIMARIA ILEANDA
141722,33,SALAJ,14,C,PRIMARIA IP
141786,33,SALAJ,14,C,PRIMARIA LETCA
141884,33,SALAJ,14,C,PRIMARIA LOZNA
141946,33,SALAJ,14,C,PRIMARIA MARCA
142006,33,SALAJ,14,C,PRIMARIA MAERISTE
142079,33,SALAJ,14,C,PRIMARIA MESESENII DE JOS
142122,33,SALAJ,14,C,PRIMARIA MIRSID
142177,33,SALAJ,14,C,PRIMARIA NAPRADEA
142239,33,SALAJ,14,C,PRIMARIA NUSFALAU
142284,33,SALAJ,14,C,PRIMARIA PERICEI
142337,33,SALAJ,14,C,PRIMARIA PLOPIS
142373,33,SALAJ,14,C,PRIMARIA POIANA BLENCHII
142426,33,SALAJ,14,C,PRIMARIA ROMANASI
142499,33,SALAJ,14,C,PRIMARIA RUS
142550,33,SALAJ,14,C,PRIMARIA SALATIG
179695,33,SALAJ,14,C,PRIMARIA SIMISNA
142612,33,SALAJ,14,C,PRIMARIA SAG
142676,33,SALAJ,14,C,PRIMARIA SANMIHAIU ALMASULUI
142710,33,SALAJ,14,C,PRIMARIA SOMES ODORHEI
142774,33,SALAJ,14,C,PRIMARIA SURDUC
142854,33,SALAJ,14,C,PRIMARIA SAMSUD
142881,33,SALAJ,14,C,PRIMARIA SARMASAG
179631,33,SALAJ,14,C,PRIMARIA TREZNEA
142952,33,SALAJ,14,C,PRIMARIA VALCAUL DE JOS
143021,33,SALAJ,14,C,PRIMARIA VARSOLT
143067,33,SALAJ,14,C,PRIMARIA ZALHA
143147,33,SALAJ,14,C,PRIMARIA ZIMBOR
323,34,SIBIU,11,CJ,CONSILIUL JUDETEAN
143450,34,SIBIU,12,M,SIBIU
143619,34,SIBIU,12,M,MEDIAS
143682,34,SIBIU,13,O,AGNITA
144054,34,SIBIU,13,O,AVRIG
143735,34,SIBIU,13,O,CISNADIE
143771,34,SIBIU,13,O,COPSA MICA
143806,34,SIBIU,13,O,DUMBRAVENI
144928,34,SIBIU,13,O,MIERCUREA SIBIULUI
143851,34,SIBIU,13,O,OCNA SIBIULUI
145499,34,SIBIU,13,O,SALISTE
145827,34,SIBIU,13,O,TALMACIU
146012,34,SIBIU,14,C,ALMA
143888,34,SIBIU,14,C,ALTINA
143922,34,SIBIU,14,C,APOLDU DE JOS
143959,34,SIBIU,14,C,ARPASU DE JOS
143995,34,SIBIU,14,C,ATEL
144116,34,SIBIU,14,C,AXENTE SEVER
144152,34,SIBIU,14,C,BAZNA
144198,34,SIBIU,14,C,BIERTAN
144232,34,SIBIU,14,C,BIRGHIS
144303,34,SIBIU,14,C,BLAJEL
146021,34,SIBIU,14,C,BOITA
144349,34,SIBIU,14,C,BRATEIU
144376,34,SIBIU,14,C,BRADENI
144410,34,SIBIU,14,C,BRUIU
144456,34,SIBIU,14,C,CHIRPAR
144508,34,SIBIU,14,C,CIRTA
144535,34,SIBIU,14,C,CIRTISOARA
143487,34,SIBIU,14,C,CRISTIAN
144553,34,SIBIU,14,C,DIRLOS
144599,34,SIBIU,14,C,GURA RIULUI
144615,34,SIBIU,14,C,HOGHILAG
144651,34,SIBIU,14,C,IACOBENI
144713,34,SIBIU,14,C,JINA
144731,34,SIBIU,14,C,LASLEA
144795,34,SIBIU,14,C,LOAMNES
144866,34,SIBIU,14,C,LUDOS
144893,34,SIBIU,14,C,MARPOD
144964,34,SIBIU,14,C,MERGHINDEAL
144991,34,SIBIU,14,C,MICASASA
145042,34,SIBIU,14,C,MIHAILENI
145104,34,SIBIU,14,C,MOSNA
145140,34,SIBIU,14,C,NOCRICH
145202,34,SIBIU,14,C,ORLAT
145220,34,SIBIU,14,C,PAUCA
145275,34,SIBIU,14,C,POIANA SIBIULUI
143502,34,SIBIU,14,C,POPLACA
145293,34,SIBIU,14,C,PORUMBACU DE JOS
145355,34,SIBIU,14,C,RACOVITA
143520,34,SIBIU,14,C,RASINARI
145382,34,SIBIU,14,C,RIU SADULUI
145408,34,SIBIU,14,C,ROSIA
145471,34,SIBIU,14,C,SADU
145603,34,SIBIU,14,C,SLIMNIC
145667,34,SIBIU,14,C,SEICA MARE
145738,34,SIBIU,14,C,SEICA MICA
143557,34,SIBIU,14,C,SELIMBAR
145765,34,SIBIU,14,C,SURA MARE
145792,34,SIBIU,14,C,SURA MICA
145907,34,SIBIU,14,C,TILISCA
143646,34,SIBIU,14,C,TIRNAVA
145934,34,SIBIU,14,C,TURNU ROSU
145961,34,SIBIU,14,C,VALEA VIILOR
145998,34,SIBIU,14,C,VURPAR
332,35,SUCEAVA,11,CJ,CONSILIUL JUDETEAN
146502,35,SUCEAVA,12,M,CIMPULUNG MOLDOVENESC
146539,35,SUCEAVA,12,M,FALTICENI
146628,35,SUCEAVA,12,M,RADAUTI
146263,35,SUCEAVA,12,M,SUCEAVA
146744,35,SUCEAVA,12,M,VATRA DORNEI
147358,35,SUCEAVA,13,O,BROSTENI
147633,35,SUCEAVA,13,O,CAJVANA
148006,35,SUCEAVA,13,O,DOLHASCA
148612,35,SUCEAVA,13,O,FRASIN
146584,35,SUCEAVA,13,O,GURA HUMORULUI
149227,35,SUCEAVA,13,O,LITENI
146931,35,SUCEAVA,13,O,MILISAUTI
146370,35,SUCEAVA,13,O,SALCEA
146655,35,SUCEAVA,13,O,SIRET
146708,35,SUCEAVA,13,O,SOLCA
151095,35,SUCEAVA,13,O,VICOVU DE SUS
146799,35,SUCEAVA,14,C,ADINCATA
146860,35,SUCEAVA,14,C,ARBORE
146904,35,SUCEAVA,14,C,BAIA
151530,35,SUCEAVA,14,C,BALACEANA
146995,35,SUCEAVA,14,C,BALCAUTI
151576,35,SUCEAVA,14,C,BERCHISESTI
147036,35,SUCEAVA,14,C,BILCA
147054,35,SUCEAVA,14,C,BOGDANESTI
147072,35,SUCEAVA,14,C,BOROAIA
147134,35,SUCEAVA,14,C,BOSANCI
147161,35,SUCEAVA,14,C,BOTOSANA
147205,35,SUCEAVA,14,C,BREAZA
147241,35,SUCEAVA,14,C,BRODINA
147465,35,SUCEAVA,14,C,BUNESTI
151521,35,SUCEAVA,14,C,BURLA
147526,35,SUCEAVA,14,C,CACICA
147580,35,SUCEAVA,14,C,CALAFINDESTI
151503,35,SUCEAVA,14,C,CAPU CIMPULUI
151451,35,SUCEAVA,14,C,CIOCANESTI
151567,35,SUCEAVA,14,C,CIPRIAN PORUMBESCU
147713,35,SUCEAVA,14,C,CIRLIBABA
151433,35,SUCEAVA,14,C,COMANESTI
147786,35,SUCEAVA,14,C,CORNU LUNCII
151497,35,SUCEAVA,14,C,COSNA
147884,35,SUCEAVA,14,C,CRUCEA
147937,35,SUCEAVA,14,C,DARMANESTI
148097,35,SUCEAVA,14,C,DOLHESTI
148131,35,SUCEAVA,14,C,DORNA ARINI
148202,35,SUCEAVA,14,C,DORNA CANDRENI
148293,35,SUCEAVA,14,C,DORNESTI
148328,35,SUCEAVA,14,C,DRAGOIESTI
148382,35,SUCEAVA,14,C,DRAGUSENI
148426,35,SUCEAVA,14,C,DUMBRAVENI
151488,35,SUCEAVA,14,C,FINTINA MARE
148453,35,SUCEAVA,14,C,FINTINELE
148514,35,SUCEAVA,14,C,FORASTI
148667,35,SUCEAVA,14,C,FRATAUTII NOI
148694,35,SUCEAVA,14,C,FRATAUTII VECHI
148729,35,SUCEAVA,14,C,FRUMOSU
148765,35,SUCEAVA,14,C,FUNDU MOLDOVEI
148872,35,SUCEAVA,14,C,GALANESTI
148916,35,SUCEAVA,14,C,GRAMESTI
148970,35,SUCEAVA,14,C,GRANICESTI
151512,35,SUCEAVA,14,C,HINTESTI
151549,35,SUCEAVA,14,C,HIRTOP
149101,35,SUCEAVA,14,C,HORODNIC DE JOS
151479,35,SUCEAVA,14,C,HORODNIC DE SUS
149049,35,SUCEAVA,14,C,HORODNICENI
149138,35,SUCEAVA,14,C,IACOBENI
151442,35,SUCEAVA,14,C,IASLOVAT
147660,35,SUCEAVA,14,C,ILISESTI
146281,35,SUCEAVA,14,C,IPOTESTI
149183,35,SUCEAVA,14,C,IZVOARELE SUCEVEI
149316,35,SUCEAVA,14,C,MALINI
149370,35,SUCEAVA,14,C,MANASTIREA HUMORULUI
149290,35,SUCEAVA,14,C,MARGINEA
146325,35,SUCEAVA,14,C,MITOCUL DRAGOMIRNEI
149414,35,SUCEAVA,14,C,MOARA
149502,35,SUCEAVA,14,C,MOLDOVA SULITA
149539,35,SUCEAVA,14,C,MOLDOVITA
149584,35,SUCEAVA,14,C,MUSENITA
149655,35,SUCEAVA,14,C,OSTRA
149753,35,SUCEAVA,14,C,PALTINOASA
149682,35,SUCEAVA,14,C,PANACI
149833,35,SUCEAVA,14,C,PATRAUTI
149780,35,SUCEAVA,14,C,PIRTESTII DE JOS
149851,35,SUCEAVA,14,C,POIANA STAMPEI
151585,35,SUCEAVA,14,C,POIENI-SOLCA
149931,35,SUCEAVA,14,C,POJORITA
149968,35,SUCEAVA,14,C,PREUTESTI
150043,35,SUCEAVA,14,C,PUTNA
150070,35,SUCEAVA,14,C,RADASENI
150114,35,SUCEAVA,14,C,RISCA
150178,35,SUCEAVA,14,C,SADOVA
150445,35,SUCEAVA,14,C,SARU DORNEI
150196,35,SUCEAVA,14,C,SATU MARE
146432,35,SUCEAVA,14,C,SCHEIA
151460,35,SUCEAVA,14,C,SERBAUTI
150221,35,SUCEAVA,14,C,SIMINICEA
150258,35,SUCEAVA,14,C,SLATINA
150294,35,SUCEAVA,14,C,STRAJA
150310,35,SUCEAVA,14,C,STROIESTI
150356,35,SUCEAVA,14,C,STULPICANI
150418,35,SUCEAVA,14,C,SUCEVITA
150524,35,SUCEAVA,14,C,TODIRESTI
150588,35,SUCEAVA,14,C,UDESTI
150702,35,SUCEAVA,14,C,ULMA
150766,35,SUCEAVA,14,C,VADU MOLDOVEI
150891,35,SUCEAVA,14,C,VALEA MOLDOVEI
150935,35,SUCEAVA,14,C,VAMA
150980,35,SUCEAVA,14,C,VATRA MOLDOVITEI
151022,35,SUCEAVA,14,C,VERESTI
151077,35,SUCEAVA,14,C,VICOVU DE JOS
151558,35,SUCEAVA,14,C,VOITINEL
151120,35,SUCEAVA,14,C,VOLOVAT
151157,35,SUCEAVA,14,C,VULTURESTI
151246,35,SUCEAVA,14,C,ZAMOSTEA
151344,35,SUCEAVA,14,C,ZVORISTEA
341,36,TELEORMAN,11,CJ,CONSILIUL JUDETEAN
151790,36,TELEORMAN,12,M,ALEXANDRIA
151683,36,TELEORMAN,12,M,TURNU MAGURELE
151870,36,TELEORMAN,12,M,ROSIORI DE VEDE
151978,36,TELEORMAN,13,O,ZIMNICEA
151905,36,TELEORMAN,13,O,VIDELE
152038,36,TELEORMAN,14,C,BABAITA
151996,36,TELEORMAN,14,C,BALACI
155083,36,TELEORMAN,14,C,BECIU
155092,36,TELEORMAN,14,C,BEUCA
152083,36,TELEORMAN,14,C,BLEJESTI
152127,36,TELEORMAN,14,C,BOGDANA
152172,36,TELEORMAN,14,C,BOTOROAGA
152234,36,TELEORMAN,14,C,BRAGADIRU
152252,36,TELEORMAN,14,C,BRANCENI
152270,36,TELEORMAN,14,C,BUJORENI
152314,36,TELEORMAN,14,C,BUJORU
152332,36,TELEORMAN,14,C,BUZESCU
152350,36,TELEORMAN,14,C,CALINESTI
152412,36,TELEORMAN,14,C,CALMATUIU
152467,36,TELEORMAN,14,C,CALMATUIU DE SUS
152500,36,TELEORMAN,14,C,CERVENIA
152528,36,TELEORMAN,14,C,CIOLANESTI
151709,36,TELEORMAN,14,C,CIUPERCENI
152564,36,TELEORMAN,14,C,CONTESTI
152582,36,TELEORMAN,14,C,COSMESTI
152617,36,TELEORMAN,14,C,CRANGENI
152662,36,TELEORMAN,14,C,CRANGU
151932,36,TELEORMAN,14,C,CREVENICU
152724,36,TELEORMAN,14,C,DIDESTI
152760,36,TELEORMAN,14,C,DOBROTESTI
155109,36,TELEORMAN,14,C,DRACEA
152797,36,TELEORMAN,14,C,DRACSENEI
152868,36,TELEORMAN,14,C,DRAGANESTI DE  VEDE
152902,36,TELEORMAN,14,C,DRAGANESTI VLASCA
155118,36,TELEORMAN,14,C,FANTANELE
155127,36,TELEORMAN,14,C,FRASINET
152993,36,TELEORMAN,14,C,FRUMOASA
152948,36,TELEORMAN,14,C,FURCULESTI
153026,36,TELEORMAN,14,C,GALATENI
153062,36,TELEORMAN,14,C,GRATIA
151736,36,TELEORMAN,14,C,ISLAZ
153106,36,TELEORMAN,14,C,IZVOARELE
153124,36,TELEORMAN,14,C,LISA
151763,36,TELEORMAN,14,C,LITA
153151,36,TELEORMAN,14,C,LUNCA
153240,36,TELEORMAN,14,C,MAGURA
153277,36,TELEORMAN,14,C,MALDAIENI
153339,36,TELEORMAN,14,C,MARZANESTI
153204,36,TELEORMAN,14,C,MAVRODIN
153295,36,TELEORMAN,14,C,MERENI
153384,36,TELEORMAN,14,C,MOSTENI
151816,36,TELEORMAN,14,C,NANOV
153400,36,TELEORMAN,14,C,NASTURELU
153437,36,TELEORMAN,14,C,NECSESTI
154996,36,TELEORMAN,14,C,NENCIULESTI
153473,36,TELEORMAN,14,C,OLTENI
153507,36,TELEORMAN,14,C,ORBEASCA
153543,36,TELEORMAN,14,C,PERETU
153561,36,TELEORMAN,14,C,PIATRA
153589,36,TELEORMAN,14,C,PIETROSANI
153623,36,TELEORMAN,14,C,PLOPII SLAVITESTI
153605,36,TELEORMAN,14,C,PLOSCA
153696,36,TELEORMAN,14,C,POENI
151834,36,TELEORMAN,14,C,POROSCHIA
155136,36,TELEORMAN,14,C,PURANI
153829,36,TELEORMAN,14,C,PUTINEIU
153865,36,TELEORMAN,14,C,RADOIESTI
153909,36,TELEORMAN,14,C,RASMIRESTI
153972,36,TELEORMAN,14,C,SACENI
155145,36,TELEORMAN,14,C,SAELELE
153936,36,TELEORMAN,14,C,SALCIA
154308,36,TELEORMAN,14,C,SARBENI
154013,36,TELEORMAN,14,C,SCRIOASTEA
154068,36,TELEORMAN,14,C,SCURTU MARE
154139,36,TELEORMAN,14,C,SEACA
154184,36,TELEORMAN,14,C,SEGARCEA VALE
154166,36,TELEORMAN,14,C,SFINTESTI
154228,36,TELEORMAN,14,C,SILISTEA
154282,36,TELEORMAN,14,C,SILISTEA NOUA
154344,36,TELEORMAN,14,C,SLOBOZIA MANDRA
154380,36,TELEORMAN,14,C,SMARDIOASA
154415,36,TELEORMAN,14,C,STEJARU
154497,36,TELEORMAN,14,C,STOROBANEASA
154460,36,TELEORMAN,14,C,SUHAIA
154521,36,TELEORMAN,14,C,TALPA
154585,36,TELEORMAN,14,C,TATARASTII DE JOS
154665,36,TELEORMAN,14,C,TATARASTII DE SUS
154834,36,TELEORMAN,14,C,TIGANESTI
154736,36,TELEORMAN,14,C,TRAIAN
154754,36,TELEORMAN,14,C,TRIVALE MOSTENI
154790,36,TELEORMAN,14,C,TROIANU
155154,36,TELEORMAN,14,C,UDA CLOCOCIOV
154932,36,TELEORMAN,14,C,VARTOAPE
154852,36,TELEORMAN,14,C,VEDEA
154914,36,TELEORMAN,14,C,VIISOARA
153776,36,TELEORMAN,14,C,VITANESTI
154978,36,TELEORMAN,14,C,ZAMBREASCA
350,37,TIMIS,11,CJ,CONSILIUL JUDETEAN
155243,37,TIMIS,12,M,TIMISOARA
155350,37,TIMIS,12,M,LUGOJ
155403,37,TIMIS,13,O,BUZIAS
156357,37,TIMIS,13,O,CIACOVA
155458,37,TIMIS,13,O,DETA
156801,37,TIMIS,13,O,FAGET
157086,37,TIMIS,13,O,GATAIA
155494,37,TIMIS,13,O,JIMBOLIA
155528,37,TIMIS,13,O,SANICOLAU MARE
158314,37,TIMIS,13,O,RECAS
155546,37,TIMIS,14,C,BALINT
155591,37,TIMIS,14,C,BANLOC
155662,37,TIMIS,14,C,BARA
155724,37,TIMIS,14,C,BEBA VECHE
155760,37,TIMIS,14,C,BECICHERECUL MIC
155797,37,TIMIS,14,C,BELINT
155840,37,TIMIS,14,C,BETHAUSEN
155911,37,TIMIS,14,C,BILED
159366,37,TIMIS,14,C,BIRDA
155957,37,TIMIS,14,C,BIRNA
156035,37,TIMIS,14,C,BOGDA
156106,37,TIMIS,14,C,BOLDUR
156151,37,TIMIS,14,C,BRESTOVAT
159516,37,TIMIS,14,C,BUCOVAT
156213,37,TIMIS,14,C,CARPINIS
156259,37,TIMIS,14,C,CENAD
156277,37,TIMIS,14,C,CENEI
159375,37,TIMIS,14,C,CHECEA
156311,37,TIMIS,14,C,CHEVERESU MARE
156437,37,TIMIS,14,C,COMLOSU MARE
156473,37,TIMIS,14,C,COSTEIU
156534,37,TIMIS,14,C,CRICIOVA
156589,37,TIMIS,14,C,CURTEA
156623,37,TIMIS,14,C,DAROVA
156669,37,TIMIS,14,C,DENTA
159384,37,TIMIS,14,C,DUDESTII NOI
156712,37,TIMIS,14,C,DUDESTII VECHI
156767,37,TIMIS,14,C,DUMBRAVA
155261,37,TIMIS,14,C,DUMBRAVITA
156927,37,TIMIS,14,C,FARDEA
159393,37,TIMIS,14,C,FIBIS
157004,37,TIMIS,14,C,FOIENI
157031,37,TIMIS,14,C,GAVOJDIA
159400,37,TIMIS,14,C,GHILAD
155289,37,TIMIS,14,C,GHIRODA
157193,37,TIMIS,14,C,GHIZELA
157246,37,TIMIS,14,C,GIARMATA
157273,37,TIMIS,14,C,GIERA
155314,37,TIMIS,14,C,GIROC
157317,37,TIMIS,14,C,GIULVAZ
159419,37,TIMIS,14,C,GOTTLOB
159428,37,TIMIS,14,C,IECEA MARE
157362,37,TIMIS,14,C,JAMU MARE
157424,37,TIMIS,14,C,JEBEL
157451,37,TIMIS,14,C,LENAUHEIM
157497,37,TIMIS,14,C,LIEBLING
159491,37,TIMIS,14,C,LIVEZILE
157530,37,TIMIS,14,C,LOVRIN
157736,37,TIMIS,14,C,MANASTUR
157585,37,TIMIS,14,C,MARGINA
157683,37,TIMIS,14,C,MASLOC
157781,37,TIMIS,14,C,MORAVITA
157834,37,TIMIS,14,C,MOSNITA NOUA
157898,37,TIMIS,14,C,NADRAG
157923,37,TIMIS,14,C,NITCHIDORF
157969,37,TIMIS,14,C,OHABA LUNGA
158010,37,TIMIS,14,C,ORTISOARA
159525,37,TIMIS,14,C,OTELEC
159446,37,TIMIS,14,C,PADURENI
159437,37,TIMIS,14,C,PARTA
158065,37,TIMIS,14,C,PECIU NOU
158109,37,TIMIS,14,C,PERIAM
159507,37,TIMIS,14,C,PESAC
158136,37,TIMIS,14,C,PIETROASA
158181,37,TIMIS,14,C,PISCHIA
158243,37,TIMIS,14,C,RACOVITA
158396,37,TIMIS,14,C,REMETEA MARE
158564,37,TIMIS,14,C,SACALAZ
158449,37,TIMIS,14,C,SACOSU TURCESC
158779,37,TIMIS,14,C,SAG
158653,37,TIMIS,14,C,SANANDREI
159464,37,TIMIS,14,C,SANDRA
158699,37,TIMIS,14,C,SANMIHAIU ROMAN
159455,37,TIMIS,14,C,SARAVALE
158528,37,TIMIS,14,C,SATCHINEZ
158608,37,TIMIS,14,C,SECAS
158733,37,TIMIS,14,C,SINPETRU MARE
158804,37,TIMIS,14,C,STIUCA
158859,37,TIMIS,14,C,TEREMIA MARE
158895,37,TIMIS,14,C,TOMESTI
159473,37,TIMIS,14,C,TOMNATIC
158966,37,TIMIS,14,C,TOPOLOVATU MARE
159035,37,TIMIS,14,C,TORMAC
159071,37,TIMIS,14,C,TRAIAN VUIA
159142,37,TIMIS,14,C,UIVAR
159259,37,TIMIS,14,C,V.V.DELAMARINA
159482,37,TIMIS,14,C,VALCANI
159213,37,TIMIS,14,C,VARIAS
159339,37,TIMIS,14,C,VOITEG
369,38,TULCEA,11,CJ,CONSILIUL JUDETEAN
159614,38,TULCEA,12,M,MUNICIPIUL TULCEA
159650,38,TULCEA,13,O,BABADAG
159687,38,TULCEA,13,O,ISACCEA
159730,38,TULCEA,13,O,MACIN
159767,38,TULCEA,13,O,SULINA
159785,38,TULCEA,14,C,BAIA
159847,38,TULCEA,14,C,BEIDAUD
161552,38,TULCEA,14,C,BESTEPE
159883,38,TULCEA,14,C,C.A.ROSETTI
159945,38,TULCEA,14,C,CARCALIU
159963,38,TULCEA,14,C,CASIMCEA
160092,38,TULCEA,14,C,CEAMURLIA DE JOS
160047,38,TULCEA,14,C,CEATALCHIOI
160127,38,TULCEA,14,C,CERNA
160172,38,TULCEA,14,C,CHILIA VECHE
160225,38,TULCEA,14,C,CIUCUROVA
160261,38,TULCEA,14,C,CRISAN
160305,38,TULCEA,14,C,DAENI
160323,38,TULCEA,14,C,DOROBANTU
160387,38,TULCEA,14,C,FRECATEI
160430,38,TULCEA,14,C,GRECI
160458,38,TULCEA,14,C,GRINDU
160476,38,TULCEA,14,C,HAMCEARCA
160528,38,TULCEA,14,C,HORIA
160564,38,TULCEA,14,C,IZVOARELE
161525,38,TULCEA,14,C,I.C.BRATIANU
160617,38,TULCEA,14,C,JIJILA
160644,38,TULCEA,14,C,JURILOVCA
160680,38,TULCEA,14,C,LUNCAVITA
160724,38,TULCEA,14,C,MAHMUDIA
160779,38,TULCEA,14,C,MALIUC
160831,38,TULCEA,14,C,MIHAI BRAVU
160877,38,TULCEA,14,C,M.KOGALNICEANU
160911,38,TULCEA,14,C,MURIGHIOL
160993,38,TULCEA,14,C,NALBANT
161035,38,TULCEA,14,C,NICULITEL
161053,38,TULCEA,14,C,NUFARU
161106,38,TULCEA,14,C,OSTROV
161133,38,TULCEA,14,C,PARDINA
161151,38,TULCEA,14,C,PECENEAGA
161179,38,TULCEA,14,C,SARICHIOI
161231,38,TULCEA,14,C,SF.GHEORGHE
161259,38,TULCEA,14,C,SLAVA CERCHEZA
161286,38,TULCEA,14,C,SMARDAN
161302,38,TULCEA,14,C,SOMOVA
161348,38,TULCEA,14,C,STEJARU
161384,38,TULCEA,14,C,TOPOLOG
161464,38,TULCEA,14,C,TURCOAIA
161482,38,TULCEA,14,C,VALEA NUCARILOR
161561,38,TULCEA,14,C,VALEA TEILOR
161543,38,TULCEA,14,C,VACARENI
378,39,VASLUI,11,CJ,CONSILIUL JUDETEAN
161794,39,VASLUI,12,M,Barlad
161829,39,VASLUI,12,M,Husi
161945,39,VASLUI,12,M,Vaslui
164981,39,VASLUI,13,O,Murgeni
161856,39,VASLUI,13,O,Negresti
162014,39,VASLUI,14,C,Albesti
162069,39,VASLUI,14,C,Alexandru Vlahuta
162149,39,VASLUI,14,C,Arsura
162194,39,VASLUI,14,C,Banca
162327,39,VASLUI,14,C,Bacani
162381,39,VASLUI,14,C,Bacesti
162452,39,VASLUI,14,C,Balteni
162498,39,VASLUI,14,C,Berezeni
162559,39,VASLUI,14,C,Blagesti
162595,39,VASLUI,14,C,Bogdana
162693,39,VASLUI,14,C,Bogdanesti
162791,39,VASLUI,14,C,Bogdanita
162871,39,VASLUI,14,C,Botesti
162924,39,VASLUI,14,C,Bunesti-Aversti
167268,39,VASLUI,14,C,Ciocani
163002,39,VASLUI,14,C,Codaiesti
163057,39,VASLUI,14,C,Coroiesti
163137,39,VASLUI,14,C,Costesti
167277,39,VASLUI,14,C,Cozmesti
163208,39,VASLUI,14,C,Cretesti
163253,39,VASLUI,14,C,Danesti
163324,39,VASLUI,14,C,Deleni
163379,39,VASLUI,14,C,Delesti
164277,39,VASLUI,14,C,Dimitrie Cantemir
167286,39,VASLUI,14,C,Dodesti
163486,39,VASLUI,14,C,Dragomiresti
163618,39,VASLUI,14,C,Drinceni
163681,39,VASLUI,14,C,Duda-Epureni
163734,39,VASLUI,14,C,Dumesti
163789,39,VASLUI,14,C,Epureni
163832,39,VASLUI,14,C,Falciu
167295,39,VASLUI,14,C,Feresti
167231,39,VASLUI,14,C,Fruntiseni
163903,39,VASLUI,14,C,Gagesti
163967,39,VASLUI,14,C,Gherghesti
164062,39,VASLUI,14,C,Girceni
164133,39,VASLUI,14,C,Grivita
164197,39,VASLUI,14,C,Hoceni
164339,39,VASLUI,14,C,Iana
167222,39,VASLUI,14,C,Ibanesti
164393,39,VASLUI,14,C,Ivanesti
164543,39,VASLUI,14,C,Ivesti
164598,39,VASLUI,14,C,Laza
164687,39,VASLUI,14,C,Lipovat
164749,39,VASLUI,14,C,Lunca-Banului
164829,39,VASLUI,14,C,Malusteni
164892,39,VASLUI,14,C,Miclesti
164936,39,VASLUI,14,C,Munteni de Jos
167302,39,VASLUI,14,C,Munteni de Sus
165069,39,VASLUI,14,C,Oltenesti
165130,39,VASLUI,14,C,Osesti
165185,39,VASLUI,14,C,Padureni
165274,39,VASLUI,14,C,Perieni
167311,39,VASLUI,14,C,Pochidia
165416,39,VASLUI,14,C,Pogana
167259,39,VASLUI,14,C,Pogonesti
165336,39,VASLUI,14,C,Poienesti
165470,39,VASLUI,14,C,Puiesti
165611,39,VASLUI,14,C,Pungesti
167320,39,VASLUI,14,C,Puscasi
167240,39,VASLUI,14,C,Rafaila
165719,39,VASLUI,14,C,Rebricea
165817,39,VASLUI,14,C,Rosiesti
165899,39,VASLUI,14,C,Solesti
165979,39,VASLUI,14,C,Stanilesti
166057,39,VASLUI,14,C,Stefan cel Mare
166137,39,VASLUI,14,C,Suletea
166182,39,VASLUI,14,C,Tanacu
166235,39,VASLUI,14,C,Tacuta
166315,39,VASLUI,14,C,Tatarani
166413,39,VASLUI,14,C,Todiresti
166529,39,VASLUI,14,C,Tutova
166636,39,VASLUI,14,C,Valeni
166672,39,VASLUI,14,C,Vetrisoaia
166707,39,VASLUI,14,C,Viisoara
166770,39,VASLUI,14,C,Vinderei
166869,39,VASLUI,14,C,Voinesti
166985,39,VASLUI,14,C,Vulturesti
167035,39,VASLUI,14,C,Vutcani
167071,39,VASLUI,14,C,Zapodeni
167179,39,VASLUI,14,C,Zorleni
387,40,VALCEA,11,CJ,CONSILIUL JUDETEAN
167473,40,VALCEA,12,M,Rm. Valcea
167981,40,VALCEA,12,M,Dragasani
168372,40,VALCEA,13,O,Babeni
168452,40,VALCEA,13,O,Balcesti
167641,40,VALCEA,13,O,B. Govora
167696,40,VALCEA,13,O,B. Olanesti
168602,40,VALCEA,13,O,Berbesti
167794,40,VALCEA,13,O,Brezoi
167909,40,VALCEA,13,O,Calimanesti
168041,40,VALCEA,13,O,Horezu
168130,40,VALCEA,13,O,Ocnele Mari
168229,40,VALCEA,14,C,Alunu
168309,40,VALCEA,14,C,Amarasti
168559,40,VALCEA,14,C,Barbatesti
168675,40,VALCEA,14,C,Berislavesti
168755,40,VALCEA,14,C,Boisoara
168791,40,VALCEA,14,C,Budesti
168880,40,VALCEA,14,C,Bujoreni
168960,40,VALCEA,14,C,Bunesti
169039,40,VALCEA,14,C,Cernisoara
169119,40,VALCEA,14,C,Caineni
169182,40,VALCEA,14,C,Copaceni
169253,40,VALCEA,14,C,Costesti
169306,40,VALCEA,14,C,Creteni
169351,40,VALCEA,14,C,Daesti
169404,40,VALCEA,14,C,Danicei
174502,40,VALCEA,14,C,Diculesti
169547,40,VALCEA,14,C,Dragoesti
169583,40,VALCEA,14,C,Fauresti
169681,40,VALCEA,14,C,Fartatesti
169896,40,VALCEA,14,C,Francesti
169994,40,VALCEA,14,C,Galicea
170097,40,VALCEA,14,C,Ghioroiu
170168,40,VALCEA,14,C,Glavile
170220,40,VALCEA,14,C,Golesti
170346,40,VALCEA,14,C,Gradistea
170444,40,VALCEA,14,C,Gusoieni
170514,40,VALCEA,14,C,Ionesti
170612,40,VALCEA,14,C,Lalosu
170685,40,VALCEA,14,C,Ladesti
170792,40,VALCEA,14,C,Lapusata
174511,40,VALCEA,14,C,Lacusteni
170872,40,VALCEA,14,C,Livezi
170952,40,VALCEA,14,C,Lungesti
171021,40,VALCEA,14,C,Malaia
171067,40,VALCEA,14,C,Mateesti
171101,40,VALCEA,14,C,Maciuca
171209,40,VALCEA,14,C,Madulari
171272,40,VALCEA,14,C,Maldaresti
171325,40,VALCEA,14,C,Mihaesti
171469,40,VALCEA,14,C,Milcoiu
174520,40,VALCEA,14,C,Mitrofani
171539,40,VALCEA,14,C,Muereasca
171628,40,VALCEA,14,C,N. Balcescu
171806,40,VALCEA,14,C,Olanu
171879,40,VALCEA,14,C,Orlesti
171931,40,VALCEA,14,C,Otesani
171995,40,VALCEA,14,C,Pausesti O.
172082,40,VALCEA,14,C,P. Maglasi
172153,40,VALCEA,14,C,Perisani
172279,40,VALCEA,14,C,Pesceana
172340,40,VALCEA,14,C,Pietrari
172377,40,VALCEA,14,C,Popesti
172457,40,VALCEA,14,C,Prundeni
172509,40,VALCEA,14,C,Racovita
172581,40,VALCEA,14,C,Roesti
172698,40,VALCEA,14,C,Rosiile
172812,40,VALCEA,14,C,Runcu
172894,40,VALCEA,14,C,Salatrucel
172947,40,VALCEA,14,C,Scundu
172992,40,VALCEA,14,C,Sinesti
173061,40,VALCEA,14,C,Slatioara
173132,40,VALCEA,14,C,Stanesti
173230,40,VALCEA,14,C,Stoenesti
173374,40,VALCEA,14,C,Stoilesti
173533,40,VALCEA,14,C,Stroesti
173597,40,VALCEA,14,C,Sutesti
173686,40,VALCEA,14,C,Sirineasa
173748,40,VALCEA,14,C,Stefanesti
173793,40,VALCEA,14,C,Susani
173855,40,VALCEA,14,C,Tetoiu
174496,40,VALCEA,14,C,Titesti
173935,40,VALCEA,14,C,Tomsani
174021,40,VALCEA,14,C,Vaideeni
174085,40,VALCEA,14,C,Valea Mare
174156,40,VALCEA,14,C,Vladesti
174218,40,VALCEA,14,C,Voicesti
174254,40,VALCEA,14,C,Voineasa
174290,40,VALCEA,14,C,Zatreni
396,41,VRANCEA,11,CJ,CONSILIUL JUDETEAN
174744,41,VRANCEA,12,M,FOCSANI
174860,41,VRANCEA,12,M,ADJUD
174922,41,VRANCEA,13,O,MARASESTI
175019,41,VRANCEA,13,O,ODOBESTI
175055,41,VRANCEA,13,O,PANCIU
175126,41,VRANCEA,14,C,ANDREIASU DE JOS
175206,41,VRANCEA,14,C,BALESTI
178929,41,VRANCEA,14,C,BILIESTI
175224,41,VRANCEA,14,C,BIRSESTI
175260,41,VRANCEA,14,C,BOGHESTI
175368,41,VRANCEA,14,C,BOLOTESTI
175439,41,VRANCEA,14,C,BORDESTI
175466,41,VRANCEA,14,C,BROSTENI
175509,41,VRANCEA,14,C,CHIOJDENI
175590,41,VRANCEA,14,C,CIORASTI
174780,41,VRANCEA,14,C,CIMPINEANCA
175670,41,VRANCEA,14,C,CIMPURI
175732,41,VRANCEA,14,C,CIRLIGELE
175787,41,VRANCEA,14,C,CORBITA
175885,41,VRANCEA,14,C,COTESTI
175938,41,VRANCEA,14,C,DUMBRAVENI
175983,41,VRANCEA,14,C,DUMITRESTI
176150,41,VRANCEA,14,C,FITIONESTI
176212,41,VRANCEA,14,C,GAROAFA
174824,41,VRANCEA,14,C,GOLESTI
178938,41,VRANCEA,14,C,GOLOGANU
176301,41,VRANCEA,14,C,GUGESTI
176338,41,VRANCEA,14,C,GURA CALITEI
176445,41,VRANCEA,14,C,HOMOCEA
176506,41,VRANCEA,14,C,JARISTEA
176551,41,VRANCEA,14,C,JITIA
176613,41,VRANCEA,14,C,MAICANESTI
176686,41,VRANCEA,14,C,MERA
176748,41,VRANCEA,14,C,MILCOVUL
176793,41,VRANCEA,14,C,MOVILITA
176855,41,VRANCEA,14,C,NANESTI
176891,41,VRANCEA,14,C,NARUJA
176944,41,VRANCEA,14,C,NEREJU
178885,41,VRANCEA,14,C,NEGRILESTI
177003,41,VRANCEA,14,C,NISTORESTI
178947,41,VRANCEA,14,C,OBREJITA
177101,41,VRANCEA,14,C,PALTIN
178910,41,VRANCEA,14,C,PAULESTI
177236,41,VRANCEA,14,C,PAUNESTI
178894,41,VRANCEA,14,C,PLOSCUTENI
177263,41,VRANCEA,14,C,POIANA CRISTEI
178901,41,VRANCEA,14,C,POPESTI
177352,41,VRANCEA,14,C,PUFESTI
177405,41,VRANCEA,14,C,RACOASA
178956,41,VRANCEA,14,C,RASTOACA
177469,41,VRANCEA,14,C,REGHIU
177557,41,VRANCEA,14,C,RUGINESTI
177600,41,VRANCEA,14,C,SIHLEA
177655,41,VRANCEA,14,C,SLOBOZIA BRADULUI
177726,41,VRANCEA,14,C,SLOBOZIA CIORASTI
177762,41,VRANCEA,14,C,SOVEJA
178965,41,VRANCEA,14,C,SPULBER
177799,41,VRANCEA,14,C,STRAOANE
177842,41,VRANCEA,14,C,SURAIA
177879,41,VRANCEA,14,C,TANASOAIA
177986,41,VRANCEA,14,C,TATARANU
178046,41,VRANCEA,14,C,TIMBOIESTI
178117,41,VRANCEA,14,C,TULNICI
178180,41,VRANCEA,14,C,TIFESTI
178279,41,VRANCEA,14,C,URECHESTI
178313,41,VRANCEA,14,C,VALEA SARII
178377,41,VRANCEA,14,C,VIDRA
178475,41,VRANCEA,14,C,VINTILEASCA
178545,41,VRANCEA,14,C,VIZANTEA LIVEZI
178607,41,VRANCEA,14,C,VINATORI
178689,41,VRANCEA,14,C,VIRTESCOIU
178750,41,VRANCEA,14,C,VRINCIOAIA
178821,41,VRANCEA,14,C,VULTURU
179132,42,MUN. BUCURESTI,15,B,CGMB
179141,42,MUN. BUCURESTI,16,S,Primaria Sector 1
179150,42,MUN. BUCURESTI,16,S,Primaria Sector 2
179169,42,MUN. BUCURESTI,16,S,Primaria Sector 3
179178,42,MUN. BUCURESTI,16,S,Primaria Sector 4
179187,42,MUN. BUCURESTI,16,S,Primaria Sector 5
179196,42,MUN. BUCURESTI,16,S,Primaria Sector 6
